shapeid,x,y,address
0,-73.8623329049,40.6783255848,105-26 Ruby Street
1,-73.8622852148,40.6781585021,105-30 Ruby Street
2,-73.8403524347,40.7170873061,160 Burns Street
3,-73.8794246412,40.6817230519,3133 Arlington Avenue
4,-73.8039683004,40.6675158932,134-34 135th Avenue
5,-73.7525557419,40.7724015797,9 Melrose Lane
6,-73.9162338178,40.7769883483,165 23rd Avenue
7,-73.8328475235,40.7095616154,33 Beverly Road
8,-73.7461178357,40.7759434368,361 Arleigh Road
9,-73.7520307832,40.7779845195,119 Grosvenor Street
10,-73.7295364457,40.6629917827,250-20 Hook Creek Boulevard
11,-73.8290804195,40.7108843987,106 82nd Drive
12,-73.740906163,40.753437868,63-77 Douglaston Parkway
13,-73.7399646599,40.7535125371,63-63 Douglaston Parkway
14,-73.8883841551,40.566457914,86 Church Avenue
15,-73.9165009065,40.7766894706,168 23rd Avenue
16,-73.8798790097,40.7047849809,2910 Central Avenue
17,-73.7509786898,40.6704057599,223-11 Carson Street
18,-73.7300612791,40.6648551671,248-4 Hook Creek Boulevard
19,-73.8299712455,40.7103061037,118 82nd Drive
20,-73.8312027018,40.7119461458,119 81st Avenue
21,-73.8294875983,40.7115910615,104 82nd Road
22,-73.8296375352,40.7105044978,114 82nd Drive
23,-73.7296211765,40.6634179505,250-2 Hook Creek Boulevard
24,-73.8316272785,40.7107856585,125 82nd Avenue
25,-73.8338486749,40.7088942444,118 Audley Street
26,-73.8296574706,40.7115026614,106 82nd Road
27,-73.8305427624,40.7123644592,111 81st Avenue
28,-73.748276934,40.6611353155,231-13 145th Avenue
29,-73.8411697218,40.6949994528,177 88th Avenue
30,-73.8428290627,40.7152070135,103 Ascan Avenue
31,-73.8410113402,40.7144479592,59 Seasongood Road
32,-73.8484533647,40.7187501472,82 Dartmouth Street
33,-73.8395523656,40.7140516571,139 Greenway North
34,-73.7282809446,40.6569270256,147-16 Francis Lewis Boulevard
35,-73.8330948418,40.7083464883,119-24 83rd Avenue
36,-73.7531203638,40.7782273928,17 Grosvenor Street
37,-73.8116829737,40.7593157812,163 Beech Avenue
38,-73.8358473012,40.7134992009,382 Burns Street
39,-73.7465376635,40.7776460753,378 Beverly Road
40,-73.7478621871,40.7700005886,23 40th Avenue
41,-73.8394876985,40.7146231748,114 Greenway North
42,-73.8272329821,40.79582543,114 Malba Drive
43,-73.8444949591,40.7169223148,77 Greenway Terrace
44,-73.8377446918,40.7147883208,291 Burns Street
45,-73.7488727311,40.7768992323,303 Manor Road
46,-73.7503224708,40.773194752,123 Forest Road
47,-73.8394619086,40.7165228321,196 Burns Street
48,-73.7518636674,40.7756760899,121 Hollywood Avenue
49,-73.8418027219,40.7168443176,39 Ascan Avenue
50,-73.7534960947,40.776767721,19 Westmoreland Place
51,-73.8366069227,40.7142463495,338 Burns Street
52,-73.8426224024,40.7154789977,85 Ascan Avenue
53,-73.8427080522,40.7123620967,45 Ingram Street
54,-73.9156656287,40.7761660709,190 23rd Avenue
55,-73.8406862891,40.7141363951,81 75th Road
56,-73.7497124387,40.7708078048,6 Cherry Street
57,-73.8434362674,40.7142393686,149 Ascan Avenue
58,-73.7502328663,40.77424327,200 Park Lane
59,-73.812489492,40.7593691208,132 Beech Avenue
60,-73.8431273813,40.7138573592,160 Ascan Avenue
61,-73.8367111833,40.7138233473,712 Burns Street
62,-73.7996874857,40.5920968087,3-56 Beach Channel Drive
63,-73.845703994,40.7182371577,30 71st Avenue
64,-73.8471165821,40.7160662521,114 71st Avenue
65,-73.751930523,40.7760832691,120 Manor Road
66,-73.7475160967,40.7756980688,321 Arleigh Road
67,-73.7921004891,40.752870631,188-6 Hollis Court Boulevard
68,-73.9049832386,40.7021373552,5723 Putnam Avenue
69,-73.7584938536,40.5962303369,25-1 Highland Court
70,-73.8360467932,40.712817274,60 Deepdene Road
71,-73.8769628841,40.7054828199,2994 Central Avenue
72,-73.7398727348,40.7537586798,62-47 Douglaston Parkway
73,-73.8909788349,40.7024181299,2595 Central Avenue
74,-73.9164484043,40.7766524352,170 23rd Avenue
75,-73.8471605479,40.7175290696,50 Exeter Street
76,-73.84315514,40.7099677759,267 75th Road
77,-73.8408977347,40.7173505506,150 Burns Street
78,-73.8424984361,40.7149127478,114 Ascan Avenue
79,-73.847803546,40.7178319026,100 Tennis Place
80,-73.7469658714,40.7705455878,88 240th Street
81,-73.7975750515,40.7099695459,14 Clinton Terrace
82,-73.8441737463,40.7189358886,25 Burns Street
83,-73.8442561228,40.7142917654,84 Greenway South
84,-73.8404089622,40.7124869642,65 Shorthill Road
85,-73.8916555789,40.5674707359,242 Roxbury Avenue
86,-73.746560244,40.7678961457,8 240th Street
87,-73.8430502391,40.7102291685,259 75th Road
88,-73.8444524218,40.7174057839,53 Greenway Terrace
89,-73.7800956388,40.7173687019,185-2 Chelsea Street
90,-73.751303878,40.7779563542,203 Grosvenor Street
91,-73.8431852377,40.7129660972,20 Ingram Street
92,-73.8370828112,40.7141894328,315 Burns Street
93,-73.7490959192,40.7723388734,211 38th Road
94,-73.8129013026,40.750149056,2-8 Smart Street
95,-73.8337304449,40.7178925458,113-3 76th Road
96,-73.9061887397,40.7086159908,578 Grandview Avenue
97,-73.8423034768,40.7151464259,98 Ascan Avenue
98,-73.7407722754,40.7534494845,63-75 Douglaston Parkway
99,-73.913326578,40.563392963,718 Liberty Lane
100,-73.8413547538,40.7122652262,144 75th Road
101,-73.7505201122,40.7756023722,206 Hollywood Avenue
102,-73.8392203774,40.7122475872,24 Wendover Road
103,-73.8906210037,40.702485619,2601 Central Avenue
104,-73.8433489967,40.7185695665,69 Burns Street
105,-73.7387993653,40.7536164039,63-45 Douglaston Parkway
106,-73.8280886367,40.7903327596,31 9th Avenue
107,-73.8131105992,40.5900654561,355 Dormans Court
108,-73.7539515276,40.7785087208,604 Shore Road
109,-73.8473985699,40.7164439474,105 71st Avenue
110,-73.7480308368,40.7712307524,27 Cherry Street
111,-73.8391938464,40.716337725,206 Burns Street
112,-73.8401242567,40.7169496305,168 Burns Street
113,-73.7453946861,40.7750698499,359 Ridge Road
114,-73.7392512378,40.7535772658,63-51 Douglaston Parkway
115,-73.8284779476,40.7910289666,29 North Drive
116,-73.8381260561,40.7144346056,112 Beechknoll Road
117,-73.7523126399,40.7798225334,24 Knollwood Avenue
118,-73.8435550289,40.7132453045,184 Ascan Avenue
119,-73.7401617683,40.5997517273,538 Meehan Avenue
120,-73.788013492,40.7869966641,13-34 Lori Drive
121,-73.9959318917,40.7316225789,60 Washington Mews
122,-73.9250404338,40.6379792552,19 Preston Court
123,-73.9623884413,40.6592153381,150 Ocean Avenue
124,-73.9072445059,40.6589121079,210 Thatford Avenue
125,-73.9875742002,40.5826795629,143 Bay 53rd Street
126,-73.9874912323,40.5827238463,141 Bay 53rd Street
127,-73.8636650549,40.680032929,97-34 Drew Street
128,-73.8563661397,40.8074616032,1027 G Street
129,-73.8482256737,40.8143348005,327 Howe Avenue
130,-73.8570020071,40.8086083298,1625 Underhill Avenue
131,-73.8576848311,40.8104939384,1500 Underhill Avenue
132,-74.0062638886,40.5743609458,4034 Beach 40th Street
133,-73.9691032034,40.5833571236,3080 Shore Parkway Sr South
134,-73.8640645872,40.6817095801,95-20 Drew Street
135,-73.8655191606,40.6818946029,7312 95th Avenue
136,-73.879755539,40.6816574226,3123 Arlington Avenue
137,-73.9067494973,40.658785977,189 Thatford Avenue
138,-73.9628722392,40.6346228097,29 Newkirk Plaza
139,-73.9611565939,40.5804106829,6 Brighton 7th Lane
140,-73.9588756638,40.5816666095,41 Fay Court
141,-73.9650180924,40.5801711627,44 Brighton 3rd Court
142,-73.9632133578,40.580681471,42 Brighton 5th Court
143,-73.8576557103,40.8103595425,1502 Underhill Avenue
144,-73.816348443,40.8403327115,3391-2 Country Club Road
145,-73.8876767845,40.7029206179,2680 Central Avenue
146,-73.8477272123,40.8138651396,62 Howe Avenue
147,-73.8478149533,40.8142428203,57 Howe Avenue
148,-73.8575911326,40.8075003694,905 Bronx River Avenue
149,-73.8439829586,40.8359538251,133 Kinnear Place
150,-73.8481769348,40.814137148,323 Howe Avenue
151,-73.8207279963,40.6926995981,4842 97th Avenue
152,-73.7894441332,40.7523725307,190-17 Hollis Court Boulevard
153,-73.7471637376,40.7460854887,68-1 Cloverdale Lane
154,-73.8874218622,40.703242105,2693 Central Avenue
155,-73.8478112017,40.716625211,35 Fleet Street
156,-73.8003162666,40.7106684918,86-14 164th Street
157,-73.7479413392,40.7767261708,324 Manor Road
158,-73.8295043531,40.7062326229,82-4 Brevoort Street
159,-73.8420143154,40.7128322078,159 Greenway South
160,-73.8641376801,40.6819442174,95-12 Drew Street
161,-73.9174000341,40.7778092015,133 23rd Avenue
162,-73.8295284234,40.7111239335,105 82nd Road
163,-73.8661103317,40.6829826423,319 Eldert Lane
164,-73.918729067,40.7782563272,102 23rd Avenue
165,-73.7407369023,40.5983113796,611 Jarvis Avenue
166,-73.75131182,40.776840502,202 Beverly Road
167,-73.829453191,40.7102359956,115 82nd Drive
168,-73.8368738104,40.7144875757,320 Burns Street
169,-73.9270080777,40.6400528918,5201 Foster Avenue
170,-73.7461524426,40.7745749483,340 Ridge Road
171,-73.8295304521,40.7901216778,41 141st Street
172,-73.7461736812,40.7718194249,22 38th Drive
173,-73.8405793824,40.7172242457,152 Burns Street
174,-73.7465585716,40.7754917897,342 Arleigh Road
175,-73.7504719353,40.7794233308,319 Richmond Road
176,-73.9048638698,40.7022547294,5727 Putnam Avenue
177,-73.7524121374,40.7727620483,22 West Drive
178,-73.8423034867,40.7177689055,16 Holder Place
179,-73.7477806199,40.7718043398,122 Prospect Avenue
180,-73.7483279671,40.7738571784,240 Ridge Road
181,-73.8281302483,40.790832946,30 North Drive
182,-73.9044299215,40.702682374,5803 Putnam Avenue
183,-73.8444609936,40.7173566043,61 Greenway Terrace
184,-73.8300184311,40.580894059,8 Curtis Court
185,-73.8604243458,40.8468145256,168 Delancey Place
186,-73.920369803,40.8803552075,2570 Independence Avenue
187,-73.86369005,40.6801421162,97-30 Drew Street
188,-73.9666556254,40.5773732185,62 Brighton 1st Terrace
189,-73.8475468352,40.8130926656,72 Howe Avenue
190,-73.8304540956,40.7114718138,113 82nd Avenue
191,-73.829374731,40.7112715001,103 82nd Road
192,-73.8383868035,40.7157418855,256 Burns Street
193,-73.7365946061,40.66366534,140-26 243rd Street
194,-73.8804598369,40.649258681,155 Elmira Loop
195,-73.8428616002,40.7128058173,32 Ingram Street
196,-73.8397347163,40.716711237,186 Burns Street
197,-73.8414774605,40.7134690176,48 Summer Street
198,-73.8288338618,40.7908345037,33 North Drive
199,-73.7510609425,40.7790399226,302 Richmond Road
200,-73.8469671484,40.7179651588,66 Tennis Place
201,-73.8381970231,40.7151723551,273 Burns Street
202,-73.7495877919,40.7785662508,330 Warwick Avenue
203,-73.8137613595,40.6913741954,1260 133rd Street
204,-73.7420945379,40.7380452767,78-29 Cloverdale Boulevard
205,-73.8471226956,40.719526575,1 Tennis Place
206,-73.7491238209,40.7765499748,260 Manor Road
207,-73.8604982346,40.8469482236,166 Delancey Place
208,-73.8793561505,40.6817366013,3135 Arlington Avenue
209,-73.8424283223,40.7157889281,81 Ascan Avenue
210,-73.8464791335,40.7156649755,64 Groton Street
211,-73.8270944647,40.7954293988,112 Malba Drive
212,-73.8004275127,40.7825916355,163-45 Willets Point Boulevard
213,-73.8476104822,40.7179159624,82 Tennis Place
214,-73.9105233181,40.713923821,21-42 54th Place
215,-73.8448276025,40.718326653,11 Greenway Terrace
216,-73.9613252666,40.5803771604,7 Brighton 7th Lane
217,-73.9585525009,40.5816997001,47 Gray Court
218,-73.8458961309,40.7151033555,93 Groton Street
219,-73.8418218851,40.6946540727,155 88th Avenue
220,-73.7508958157,40.7804304155,318 Kenmore Road
221,-73.7540877812,40.776767217,5 Westmoreland Place
222,-73.9076921701,40.6994622826,5551 Putnam Avenue
223,-73.7539290918,40.7754347532,202 Shore Road
224,-73.8289774855,40.7913806014,32 7th Avenue
225,-73.7528369546,40.7735554101,1 Alston Place
226,-73.8304648521,40.7900690677,16 Point Crescent
227,-73.7410569152,40.7534293464,63-79 Douglaston Parkway
228,-73.8387284836,40.7160153337,226 Burns Street
229,-73.7510735824,40.7797144367,310 Knollwood Avenue
230,-73.7491304138,40.7772292836,300 Beverly Road
231,-73.925229317,40.6379395183,13 Preston Court
232,-73.9245199778,40.6379227744,30 Preston Court
233,-73.8476314101,40.8134575821,67 Howe Avenue
234,-73.7387333621,40.7536221346,63-43 Douglaston Parkway
235,-73.8290305563,40.7901043433,42 141st Street
236,-73.8451428432,40.7179973699,7 Archway Place
237,-73.9244101667,40.6382830485,33 Preston Court
238,-73.9628848344,40.6346862491,32 Newkirk Plaza
239,-73.9730601717,40.5939717146,108 Village Road South
240,-73.8130373527,40.5900746149,355 Dormans Court
241,-73.810341537,40.7589205581,273 Cherry Avenue
242,-73.7521833408,40.780828671,7 Kenmore Road
243,-73.85767339,40.810432612,1501 Underhill Avenue
244,-73.906303211,40.7085041437,578 Grandview Avenue
245,-73.8308987016,40.7125423649,112 81st Avenue
246,-73.7483467405,40.769954414,15 40th Avenue
247,-73.841378723,40.7143788823,11 Summer Street
248,-73.7505681857,40.780109194,327 Knollwood Avenue
249,-73.7773433195,40.7165982619,186-22 Chelsea Street
250,-73.8483166334,40.7159959073,17 Groton Street
251,-73.9163627158,40.7770475247,161 23rd Avenue
252,-73.8403821639,40.7154833649,72 Greenway North
253,-73.907024885,40.6437930026,18 Rose Street
254,-73.857634276,40.8102670797,1503 Underhill Avenue
255,-73.8319422639,40.6948218733,32-10 91st Avenue
256,-73.7496891007,40.776055087,237 Hollywood Avenue
257,-73.8298518238,40.789863957,22 Point Crescent
258,-73.8402271856,40.7127687993,51 Shorthill Road
259,-73.8456079421,40.7153290875,94 Groton Street
260,-73.8381960898,40.7118830062,234 Greenway North
261,-73.8841330194,40.704054965,2785 Central Avenue
262,-73.7461624347,40.7763098965,370 Hollywood Avenue
263,-73.9583423004,40.5819259309,49 Holt Court
264,-73.7387405532,40.6002939054,337 Meehan Avenue
265,-73.7506585582,40.7807950064,321 Kenmore Road
266,-73.7417491374,40.5980534103,641 Jarvis Avenue
267,-73.8403115479,40.8826431649,1 Cardinal Spellman Place
268,-73.7472681722,40.774351704,307 Ridge Road
269,-73.747070419,40.7761677042,336 Hollywood Avenue
270,-73.7504507066,40.7791337849,320 Richmond Road
271,-73.9629252169,40.6349813548,40 Newkirk Plaza
272,-73.7293378632,40.6635960371,250-11 Hook Creek Boulevard
273,-73.8620180741,40.677138042,106-24 Ruby Street
274,-73.8660324552,40.6826400471,335 Eldert Lane
275,-73.8412395796,40.6948231876,176 88th Avenue
276,-73.8990717214,40.7204219049,45 59th Avenue
277,-73.7523801939,40.7764597332,600 West Drive
278,-73.9613728642,40.5804807384,17 Brighton 7th Lane
279,-73.8415405244,40.6947269733,165 88th Avenue
280,-73.9194231925,40.5606518728,109 Rockaway Point Boulevard
281,-73.7399084834,40.7535220372,63-61 Douglaston Parkway
282,-73.7495442623,40.7789021308,335 Warwick Avenue
283,-73.9061631181,40.7086879129,578 Grandview Avenue
284,-73.8310349473,40.7111095262,119 82nd Avenue
285,-73.8301534843,40.70494804,310 Brevoort Street
286,-73.9028682061,40.8765385831,3001 Albany Crescent
287,-73.9024747207,40.895168599,3 Indian Road
288,-73.8575239279,40.8098762141,1509 Underhill Avenue
289,-73.8638243245,40.6807296579,97-12 Drew Street
290,-73.8406900187,40.6950819317,191 88th Avenue
291,-73.8426447613,40.710324146,254 75th Road
292,-73.7795306793,40.7358868446,192-45 71st Crescent
293,-73.8312836181,40.7113807908,122 82nd Avenue
294,-73.7378668277,40.7699757639,9 Cornell Lane
295,-73.8409138974,40.7158448953,60 Greenway North
296,-73.7282836548,40.6568683141,147-20 Francis Lewis Boulevard
297,-73.825191823,40.7936001626,90 Parsons Boulevard
298,-73.8461134888,40.7188043589,5 Dartmouth Street
299,-73.8441388345,40.7183586383,26 Greenway Terrace
300,-73.7497874323,40.7802488481,349 Knollwood Avenue
301,-73.8377670799,40.7137121292,39 Underwood Road
302,-73.8623498263,40.678412155,105-24 Ruby Street
303,-73.8441978516,40.71847848,18 Greenway Terrace
304,-73.8478595441,40.8144294391,55 Howe Avenue
305,-73.8296133059,40.7124631549,20 Kew Gardens Road
306,-73.928033297,40.8127403615,9 Canal Place
307,-73.8492089844,40.8142085345,311 Torry Avenue
308,-73.8404068737,40.7171201503,158 Burns Street
309,-73.7403992284,40.5984509074,603 Jarvis Avenue
310,-73.8295695282,40.7902545414,39 141st Street
311,-73.8426207454,40.7131105718,145 Greenway South
312,-73.8441030233,40.7182917093,30 Greenway Terrace
313,-73.8481286137,40.7159223573,19 Groton Street
314,-73.7471396109,40.6020187137,4 Hurley Court
315,-73.7498903769,40.7788195048,329 Warwick Avenue
316,-73.8266861542,40.7942579653,98 Malba Drive
317,-73.8397112864,40.7119706457,41 Wendover Road
318,-73.7487115396,40.7699798059,9 40th Avenue
319,-73.8557622135,40.8087082361,2 Dune Court
320,-73.9754547331,40.6585807844,2 11th Avenue
321,-73.9732913384,40.7940918609,20 Pomander Walk
322,-73.8399009597,40.715008056,102 Greenway North
323,-73.8422142176,40.6945620362,145 88th Avenue
324,-73.7444527391,40.6579960704,240-12 146th Avenue
325,-73.8448471308,40.718379711,7 Greenway Terrace
326,-73.8391424031,40.7112905982,70 Rockrose Place
327,-73.7403863533,40.7534811161,63-69 Douglaston Parkway
328,-73.7774502763,40.716669348,186-18 Chelsea Street
329,-73.8292106916,40.7910730883,36 141st Street
330,-73.9251874032,40.6379668802,15 Preston Court
331,-73.8411379407,40.7169106111,26 Ascan Avenue
332,-73.847028529,40.7185746455,45 Tennis Place
333,-73.9172946602,40.7777349006,137 23rd Avenue
334,-73.9062237024,40.700605662,5610 Putnam Avenue
335,-73.8477255928,40.813857709,320 Howe Avenue
336,-73.9615091454,40.580919895,26 Brighton 7th Court
337,-73.8128874205,40.7585014692,224 Cherry Avenue
338,-73.7481211392,40.77559413,303 Arleigh Road
339,-73.834583928,40.7084069744,127 Audley Street
340,-73.8295417591,40.7061559224,82-8 Brevoort Street
341,-73.8420034125,40.7156504914,80 Ascan Avenue
342,-73.8570157249,40.8086673404,1624 Underhill Avenue
343,-73.8271163505,40.7920187273,74 Malba Drive
344,-73.8777693165,40.7059926214,1-33 73rd Street
345,-73.8395584479,40.7125021188,21 Wendover Road
346,-73.9364551808,40.7509340627,29-1 41st Avenue
347,-73.7509142572,40.7748183606,140 Arleigh Road
348,-73.8410718552,40.7148878437,48 Seasongood Road
349,-73.8393814034,40.7112533907,82 Rockrose Place
350,-73.7511451843,40.7729952385,101 Forest Road
351,-73.7477605352,40.7774717313,344 Beverly Road
352,-73.8456093432,40.7149858954,101 Groton Street
353,-73.8660213975,40.6825914006,337 Eldert Lane
354,-73.7504221166,40.7749324336,200 Arleigh Road
355,-73.8279949899,40.7908908509,28 North Drive
356,-73.8424801649,40.7149659986,112 Ascan Avenue
357,-73.8136850762,40.7587574474,103 Beech Avenue
358,-73.8308634542,40.653379774,9 Davenport Court
359,-73.8632992149,40.6797432344,469 Drew Street
360,-73.7482593977,40.7766792957,312 Manor Road
361,-73.8250744231,40.7934013299,86 Parsons Boulevard
362,-73.841611459,40.7171467923,25 Ascan Avenue
363,-73.9962889413,40.7317729355,68 Washington Mews
364,-73.8476506232,40.8135359195,312 Howe Avenue
365,-73.8383724455,40.7153177272,265 Burns Street
366,-73.8396248268,40.716635335,190 Burns Street
367,-73.9733957293,40.7939475167,17 Pomander Walk
368,-73.8444901162,40.7187458974,8 Greenway Terrace
369,-73.8768443547,40.7054320066,72-4 73rd Place
370,-73.9057571864,40.7010549355,5624 Putnam Avenue
371,-73.9358142957,40.5837390739,4 Shale Street
372,-73.9636884156,40.5794212772,10 Brighton 4th Place
373,-73.7462110506,40.7725523005,324 38th Road
374,-73.8073944017,40.8222441942,28 Harding Avenue
375,-73.8427508393,40.7100468253,262 75th Road
376,-73.7478988441,40.6003205894,13-32 Grandview Terrace
377,-73.8365676398,40.7142108435,340 Burns Street
378,-73.8293061071,40.7126666547,41 Kew Gardens Road
379,-73.751152504,40.7800325044,311 Knollwood Avenue
380,-73.7511582128,40.774781984,130 Arleigh Road
381,-73.7323036288,40.746986309,242-23 Oak Park Drive
382,-73.8779255098,40.7055529262,2969 Central Avenue
383,-73.7514816924,40.7740363619,118 Park Lane
384,-73.8816150924,40.7043481959,2858 Central Avenue
385,-73.8018888305,40.7714219585,162-12 Bayside Lane
386,-73.8367187617,40.71284757,45 Deepdene Road
387,-73.9174517701,40.7778456799,131 23rd Avenue
388,-73.9170190161,40.7244030861,3- Null
389,-73.8422005531,40.7125337049,56 Ingram Street
390,-73.7477652398,40.7767684629,328 Manor Road
391,-73.8358586783,40.7083384014,136 Audley Street
392,-73.8429016419,40.7150292502,115 Ascan Avenue
393,-73.9279564366,40.8128507726,11 Canal Place
394,-73.8325431699,40.6563861245,16 Bayview Avenue
395,-73.8156361776,40.8402494797,3391-5 Country Club Road
396,-73.7508866787,40.7734275411,30 Ridge Road
397,-73.8130841968,40.7581852206,217 Cherry Avenue
398,-73.9042132979,40.7025516858,5804 Putnam Avenue
399,-73.842747609,40.7127621801,38 Ingram Street
400,-73.7478072308,40.7459099897,68-23 Cloverdale Lane
401,-73.8449666321,40.7146762868,61 Greenway South
402,-73.7377646567,40.7699334186,7 Cornell Lane
403,-73.9659201952,40.580127277,38 Brighton 2nd Place
404,-73.9648167853,40.5797288316,24 Brighton 3rd Lane
405,-73.7460289876,40.7718239604,24 38th Drive
406,-73.7479318282,40.7774386393,336 Beverly Road
407,-73.8384720631,40.7113049819,245 Greenway North
408,-73.8425275275,40.7148664394,116 Ascan Avenue
409,-73.8316088475,40.7116796891,123 81st Avenue
410,-73.8279007349,40.7963136874,1-20 Powells Cove Drive
411,-73.8161849159,40.6075148879,2503 West Road
412,-73.838586379,40.7134126921,166 Greenway North
413,-73.7489590845,40.7775611803,319 Beverly Road
414,-73.7498861437,40.7739092399,211 Ridge Road
415,-73.8450708869,40.718016836,9 Archway Place
416,-73.8422935775,40.7125803507,54 Ingram Street
417,-73.7522039611,40.7780033911,113 Grosvenor Street
418,-73.8457676802,40.7181553777,34 71st Avenue
419,-73.8481799281,40.7162639808,18 Groton Street
420,-73.8782376639,40.705421692,2951 Central Avenue
421,-73.9060652942,40.7007330741,5614 Putnam Avenue
422,-73.9462702354,40.7660634113,40 River Road
423,-73.7402734475,40.5996890187,542 Meehan Avenue
424,-73.797690878,40.70992775,12 Clinton Terrace
425,-73.8071326706,40.8221409372,11 Harding Avenue
426,-73.8671338812,40.6616854375,184 Old Mill Road
427,-73.843093461,40.7170021139,86 Greenway Terrace
428,-73.8659441061,40.6823012614,361 Eldert Lane
429,-73.8851178035,40.7037952909,2759 Central Avenue
430,-73.8293789492,40.8428688039,2996 Merry Avenue
431,-73.7442355165,40.6579736666,240-18 146th Avenue
432,-73.8333175829,40.7102347596,153 Onslow Place
433,-73.7474323094,40.7749718574,311 Park Lane
434,-73.8384310502,40.7157784601,254 Burns Street
435,-73.75380128,40.7793673409,706 Shore Road
436,-73.7513419497,40.7822193226,1120 Shore Road
437,-73.9629437552,40.6350717027,42 Newkirk Plaza
438,-73.8623374669,40.6785060089,105-20 Ruby Street
439,-73.8303915329,40.5804971843,10 Betty Court
440,-73.8292113557,40.7107727349,108 82nd Drive
441,-73.7277221749,40.6594173169,257-2 Hook Creek Boulevard
442,-73.9723527664,40.593909714,94 Village Road South
443,-73.8464110183,40.7863728056,3 Beech Court Circle
444,-73.8413890426,40.7136760635,36 Summer Street
445,-73.8444414994,40.7172026534,65 Greenway Terrace
446,-73.7455108298,40.7701442094,113 Depew Avenue
447,-73.8839775905,40.7040910438,2789 Central Avenue
448,-73.8406748329,40.715717403,62 Greenway North
449,-73.9656730369,40.5796840275,56 Brighton 2nd Path
450,-73.9660542818,40.577273786,46 Brighton 1st Lane
451,-73.9075635936,40.6441316978,2 Rose Street
452,-73.7482030184,40.7776603613,339 Beverly Road
453,-73.7821661404,40.7349957398,188-45 71st Crescent
454,-73.7467219907,40.7762137736,356 Hollywood Avenue
455,-73.7478274899,40.7734736923,259 Forest Road
456,-73.8443807814,40.7126632834,203 Ascan Avenue
457,-73.7318794952,40.7465286793,241-51 Oak Park Drive
458,-73.8354103435,40.7131013406,400 Burns Street
459,-73.8406715192,40.7168782134,35 Borage Place
460,-73.7518263192,40.7715372978,226 Bay Street
461,-73.7487795187,40.771899451,32 Hillcrest Avenue
462,-73.9576845439,40.5817479892,61 Brighton 10th Court
463,-73.9581947489,40.5817376782,51 Holt Court
464,-73.9635843182,40.5795174946,9 Brighton 4th Place
465,-73.8293597434,40.7106913914,110 82nd Drive
466,-73.728906554,40.7692385831,3 Oakley Place
467,-73.9129001181,40.5636475162,754 Liberty Lane
468,-73.7462202172,40.7714310135,321 Cherry Street
469,-73.8367765083,40.7143996279,330 Burns Street
470,-73.8470746811,40.7865619524,12 Beech Court Circle
471,-73.7477247008,40.7459160802,68-21 Cloverdale Lane
472,-73.8003444015,40.7107142784,86-12 164th Street
473,-73.8435276034,40.7149048607,57 Russell Place
474,-73.7456892395,40.7719020271,34 38th Drive
475,-73.8415903768,40.715324768,24 Seasongood Road
476,-73.7879431633,40.7869684291,13-36 Lori Drive
477,-73.8432484363,40.7144690732,133 Ascan Avenue
478,-73.7517907272,40.7793759046,111 Richmond Road
479,-73.8287037102,40.7111050918,102 82nd Drive
480,-73.7485504466,40.7730160426,234 Forest Road
481,-73.8395670154,40.7165954125,192 Burns Street
482,-73.746108161,40.6632376973,231-3 Lansing Avenue
483,-73.8372407807,40.7148091598,304 Burns Street
484,-73.8461081209,40.7151446843,87 Groton Street
485,-73.8435599947,40.7140499514,155 Ascan Avenue
486,-73.7477252371,40.7781846669,366 Grosvenor Street
487,-73.7498971863,40.6032198257,16 Scott A Gadell Place
488,-73.7500370741,40.780214154,343 Knollwood Avenue
489,-73.903669718,40.7075246591,677 Grandview Avenue
490,-73.8300462785,40.5809477332,6 Curtis Court
491,-73.840703969,40.7151049792,83 Greenway North
492,-73.8432566403,40.7171738165,78 Greenway Terrace
493,-73.8477696471,40.7169423603,40 Fleet Street
494,-73.8476774523,40.7165863665,31 Fleet Street
495,-73.7406311002,40.7534617388,63-73 Douglaston Parkway
496,-73.9660171732,40.5796798212,34 Brighton 2nd Place
497,-73.8272607962,40.7934163621,89 Malba Drive
499,-73.8258653333,40.7909130654,15 9th Avenue
500,-73.8633477991,40.679955526,459 Drew Street
501,-73.8398841058,40.7127345847,56 Shorthill Road
502,-73.8565855052,40.8071217876,1015 Cornell Avenue
498,-73.7523027759,40.7724862454,3 Melrose Lane
503,-73.8409014604,40.6950530067,185 88th Avenue
504,-73.841857947,40.7133815788,61 Summer Street
505,-73.7513675857,40.7723652853,24 West Drive
506,-73.8399082393,40.7155874349,36 Beechknoll Road
507,-73.7492030801,40.7758266235,248 Hollywood Avenue
508,-73.7533460606,40.7771719679,18 Beverly Road
509,-73.7511014941,40.7733742467,20 Ridge Road
510,-73.7402411225,40.7534937175,63-67 Douglaston Parkway
511,-73.9750877048,40.6153324616,1229 Dahill Road
512,-73.83670691,40.7119917795,45 Markwood Place
513,-73.7319054578,40.7465506593,241-51 Oak Park Drive
514,-73.740339343,40.5996477348,544 Meehan Avenue
515,-73.8427729553,40.7100097599,264 75th Road
516,-73.8491652341,40.8140069146,307 Torry Avenue
517,-73.8571713061,40.8093590737,1617 Underhill Avenue
518,-73.8362378078,40.7133998041,732 Burns Street
519,-73.7476703491,40.7460037754,68-17 Cloverdale Lane
520,-73.8407228156,40.7169553695,149 Burns Street
521,-73.8420190089,40.7132035531,166 Greenway South
522,-73.8572281872,40.8095575835,1614 Underhill Avenue
523,-73.8570309939,40.8087338049,1623 Underhill Avenue
524,-73.91333495,40.5636371733,714 Liberty Lane
525,-73.9166067623,40.7772488447,157 23rd Avenue
526,-73.7473459899,40.7460925924,68-5 Cloverdale Lane
527,-73.867497643,40.7034985102,47-62 81st Street
528,-73.748337749,40.7459413728,68-35 Cloverdale Lane
529,-73.8768534815,40.7052827807,72-8 73rd Place
530,-73.8427624951,40.7131734679,141 Greenway South
531,-73.8361710927,40.7120870285,52 Markwood Place
532,-73.8913662909,40.5672737489,246 Roxbury Avenue
533,-73.8000602562,40.7826611418,163-57 Willets Point Boulevard
534,-73.7502546325,40.7765788,231 Manor Road
535,-73.758343086,40.5961860897,287 Watjean Court
536,-73.7532176438,40.7774248812,17 Beverly Road
537,-73.8798089924,40.7050550682,2913 Central Avenue
538,-73.8433291372,40.7134350971,119 Greenway South
539,-73.7503884887,40.7773635078,231 Beverly Road
540,-73.7492428354,40.7796320117,359 Richmond Road
541,-73.89961985,40.6955807275,1677 Cypress Avenue
542,-73.7393864098,40.7535655376,63-53 Douglaston Parkway
543,-73.8387073527,40.7139722099,49 76th Road
544,-73.7486375458,40.7780054069,340 Grosvenor Street
545,-73.8570428963,40.8065459256,711 Bronx River Avenue
546,-73.8427816069,40.8398034999,135 Westchester Avenue
547,-73.7483660705,40.7721843252,139 Prospect Avenue
548,-73.7510812119,40.6557593999,231-1 148th Avenue
549,-73.7042010618,40.7336280166,118 263rd Street
550,-73.7495920424,40.7767621199,249 Manor Road
551,-73.8249479862,40.7916891245,3 North Drive
552,-73.8436693742,40.7185482585,57 Burns Street
553,-73.7477368663,40.6001761688,1326 Grandview Terrace
554,-73.8400073899,40.7113810432,250 Greenway South
555,-73.7463836626,40.7772844634,373 Manor Road
556,-73.7512408496,40.7793205617,301 Richmond Road
557,-73.7463777393,40.7762721472,364 Hollywood Avenue
558,-73.9085334131,40.7123171208,61-23 Tonsor Street
559,-73.7478983079,40.777746002,351 Beverly Road
560,-73.8847493614,40.7036071365,2768 Central Avenue
561,-73.8368824909,40.7139781402,704 Burns Street
562,-73.879590238,40.7050973994,2919 Central Avenue
563,-73.9644515082,40.579260032,11 Brighton 3rd Place
564,-73.9645909889,40.5797059512,6 Brighton 3rd Lane
565,-73.8559373862,40.8069371805,714 Cornell Avenue
566,-73.7469065387,40.7769156952,352 Manor Road
567,-73.7500641165,40.7794814279,335 Richmond Road
568,-73.8636287045,40.6798741083,97-42 Drew Street
569,-73.7488316206,40.7729677005,230 Forest Road
570,-73.8442874593,40.7185705134,14 Greenway Terrace
571,-73.8161594975,40.8401940582,3391-3 Country Club Road
572,-73.7485791147,40.7769282331,311 Manor Road
573,-73.8300596447,40.7121374663,108 82nd Avenue
574,-73.8487625063,40.8139639431,312 Torry Avenue
575,-73.8491392577,40.8139078976,305 Torry Avenue
576,-73.8660880337,40.6828845461,323 Eldert Lane
577,-73.7499517827,40.7742899935,212 Park Lane
578,-73.7503474093,40.7812543242,328 Bayview Avenue
579,-74.1257402079,40.6195168573,57 South Greenleaf Avenue
580,-74.1036568038,40.6264742788,20 Birch Avenue
581,-73.8511480926,40.8375371922,1551 Glebe Avenue
582,-74.1121483667,40.6400674331,127 Bement Court
583,-74.1117834558,40.6401081588,115 Bement Court
584,-74.085140506,40.6245649731,622 Van Duzer Street
585,-74.0851658602,40.6240930095,640 Van Duzer Street
586,-74.0741898909,40.6264262215,144 Front Street
587,-74.1272167178,40.5828027304,120 Sloane Avenue
588,-74.1039600687,40.5932115208,2 Romer Road
589,-74.1139716473,40.5958195921,18 Cliffwood Avenue
590,-74.1518942557,40.6152209357,460-2 Caswell Avenue
591,-74.1518116841,40.6152082392,458-2 Caswell Avenue
592,-74.1520207684,40.6149664262,452-1 Caswell Avenue
593,-74.1519246652,40.6149421766,450-1 Caswell Avenue
594,-74.152290922,40.6146788821,403-2 Willow Road East
595,-74.1516315086,40.6148187015,446-1 Caswell Avenue
596,-74.1514333321,40.6149379501,440-1 Caswell Avenue
597,-74.1513288035,40.6150528121,436-1 Caswell Avenue
598,-74.1512821584,40.61511096,434-1 Caswell Avenue
599,-74.151331395,40.6146287688,430-2 Caswell Avenue
600,-74.1511997775,40.6146063671,428-1 Caswell Avenue
601,-74.1515510604,40.6139978721,423-1 Willow Road East
602,-74.151555059,40.6139812909,423-2 Willow Road East
603,-74.1514286036,40.6142962063,413-2 Willow Road East
604,-74.1517918493,40.6135555387,459-2 Willow Road East
605,-74.1516951072,40.6137709288,453-2 Willow Road East
606,-74.1516773761,40.6132722181,477-2 Willow Road East
607,-74.1518274644,40.6129540323,479-1 Willow Road East
608,-74.1515493119,40.6129064857,485-2 Willow Road East
609,-74.1513703346,40.6128567015,489-2 Willow Road East
610,-74.151191637,40.6128423151,491-1 Willow Road East
611,-74.151098251,40.6128337984,493-1 Willow Road East
612,-74.1508239591,40.6128148906,499-1 Willow Road East
613,-74.1510284434,40.6123029396,513-2 Willow Road East
614,-74.1509828783,40.6124830588,509-1 Willow Road East
615,-74.1509644635,40.6125515433,507-1 Willow Road East
616,-74.1511729707,40.6118183158,541-2 Willow Road East
617,-74.151090421,40.6120588006,535-1 Willow Road East
618,-74.1510713334,40.6121256709,533-1 Willow Road East
619,-74.151099928,40.61208841,533-2 Willow Road East
620,-74.1514432502,40.6122069968,527-1 Willow Road East
621,-74.1514935058,40.6122968633,523-1 Willow Road East
622,-74.1516637912,40.6126276987,519-1 Willow Road East
623,-74.1483233,40.5908820062,25 Gina Court
624,-74.1482446408,40.5908473904,27 Gina Court
625,-74.1484138613,40.5905634981,55 Gina Court
626,-74.1479938421,40.5903826523,52 Gina Court
627,-74.1479206236,40.5903504348,54 Gina Court
628,-74.1477710665,40.5902846196,58 Gina Court
629,-74.1476615515,40.5905606038,28 Gina Court
630,-74.1478101369,40.59062599,32 Gina Court
631,-74.1370000282,40.5779986505,281 London Road
632,-74.1625174384,40.5941531296,2187 Draper Place
633,-74.1421380341,40.5634156189,258 Corona Avenue
634,-74.142575898,40.5636146645,274 Corona Avenue
635,-74.1424942271,40.5636810278,278 Corona Avenue
636,-74.1307598099,40.5559151975,175 Thollen Street
637,-74.1650803068,40.6004528699,50 Amsterdam Place
638,-74.1654034291,40.6004828402,55 Amsterdam Place
639,-74.0743515429,40.6018459245,40 Vista Place
640,-74.1466202576,40.5370078439,43 Highland Lane
641,-74.1968057537,40.5369144388,280 Ellsworth Avenue
642,-74.1640111257,40.5423041062,31 Lyndale Lane
643,-74.1729305522,40.5613525047,34 Challenger Drive
644,-74.1731467197,40.5613236737,28 Challenger Drive
645,-74.1795872329,40.5502130944,151 Grantwood Avenue
646,-74.2222013094,40.5355351193,98 Robin Court
647,-74.2223714037,40.536612316,48 Robin Court
648,-74.2222912663,40.5366376944,50 Robin Court
649,-74.154725519,40.5799556116,572 Forest Hill Road
650,-74.0653314343,40.593272691,57 Alex Circle
651,-74.1653556214,40.5382903409,31 Woods Of Arden Road
652,-74.2023120214,40.5552134153,210 Cody Place
653,-74.2024640303,40.5551744692,204 Cody Place
654,-74.2025125471,40.5551620407,202 Cody Place
655,-74.2018652721,40.554025067,70 Cody Place
656,-74.2021826203,40.5539372933,52 Cody Place
657,-74.1385286161,40.5462174789,26 Yacht Club Cove
658,-74.1388883714,40.546538181,34 Yacht Club Cove
659,-74.1507711336,40.5491212365,26 Nelson Avenue
660,-74.1435269125,40.5550352766,268 Timber Ridge Drive
661,-74.1434848178,40.5549859561,272 Timber Ridge Drive
662,-74.1433812982,40.5549329722,278 Timber Ridge Drive
663,-74.1026201204,40.5615825351,129 Cedar Grove Court
664,-74.1019898043,40.5612786456,159 Cedar Grove Court
665,-74.101622237,40.5611120793,177 Cedar Grove Court
666,-74.1015613294,40.5610825272,179 Cedar Grove Court
667,-74.1013786741,40.5609959893,189 Cedar Grove Court
668,-74.1013186779,40.5609668891,191 Cedar Grove Court
669,-74.1185040271,40.5542713731,527 Merkel Place
670,-74.1187400133,40.5541070095,521 Merkel Place
671,-74.1189596978,40.5543760777,519 Merkel Place
672,-74.183404539,40.5627414935,151 Aspen Knolls Way
673,-74.1855938671,40.5640603282,34 Amanda Court
674,-74.1178987091,40.5544264,546 Merkel Place
675,-74.1957322061,40.6012418297,364 Meredith Avenue
676,-74.0683700012,40.6074895836,3 Wadsworth Terrace
677,-74.0871817924,40.5768932055,43 Baden Place
678,-73.8314727691,40.7121805115,120 81st Avenue
679,-73.8420844055,40.7113360226,75-28 Juno Street
680,-73.8437864173,40.714023313,110 Greenway South
681,-73.7535623911,40.774725078,102 Shore Road
682,-73.8438361417,40.7188021669,45 Burns Street
683,-73.7402370535,40.7534940707,63-67 Douglaston Parkway
684,-73.9175604673,40.7107813981,709 Starr Street
685,-73.7502641645,40.7794495455,331 Richmond Road
686,-73.7410604596,40.7542685345,62-73 Douglaston Parkway
687,-73.8355019527,40.7131886772,398 Burns Street
688,-73.8638080006,40.680657401,97-14 Drew Street
689,-73.8570685763,40.8066687104,710 Bronx River Avenue
690,-73.8024817626,40.7714826867,161-25 Bayside Lane
691,-73.9628719324,40.5799143347,14 Brighton 5th Place
692,-73.9589927832,40.5795007423,141 Brighton 10th Street
693,-73.7504028205,40.7763182009,216 Manor Road
694,-73.7484821867,40.7752176859,260 Arleigh Road
695,-73.8412481075,40.7156306265,53 Greenway North
696,-73.840037039,40.7151460576,92 Greenway North
697,-73.7500695469,40.7756829038,218 Hollywood Avenue
698,-73.9129764112,40.5634008878,779 Liberty Lane
699,-73.7514967533,40.7761325001,134 Manor Road
700,-73.8319057212,40.6564230102,100-8 Church Street
701,-73.8403317712,40.7159325083,20 Beechknoll Road
702,-73.802001028,40.7713719642,162-8 Bayside Lane
703,-73.8392433192,40.7112674016,78 Rockrose Place
704,-73.9590776997,40.576252373,150 Oceana Drive West
705,-73.917500264,40.7108359604,711 Starr Street
706,-73.7510520555,40.774075841,130 Park Lane
707,-73.8374708044,40.7123216556,19 Markwood Place
708,-73.9072726227,40.6591141301,214 Thatford Avenue
709,-73.7494606623,40.7753692241,237 Arleigh Road
710,-73.8632742742,40.6796477488,473 Drew Street
711,-73.8481461283,40.8140092065,319 Howe Avenue
712,-73.8425009462,40.6944824489,137 88th Avenue
713,-73.8633968811,40.680169975,449 Drew Street
714,-73.7518325829,40.7796811486,104 Knollwood Avenue
715,-73.8461150248,40.7176985252,54 71st Avenue
716,-73.8395133599,40.7165583625,194 Burns Street
717,-73.8279038168,40.790417582,29 9th Avenue
718,-73.8687795021,40.8213989203,34 Clason Point Lane
719,-73.9166070867,40.7767643686,164 23rd Avenue
720,-73.9201476913,40.7265646767,56-7 48th Street
721,-73.7298302842,40.6638055337,249-14 Hook Creek Boulevard
722,-73.8977000686,40.7297616832,534-53 67th Street
723,-73.8410649912,40.7170173141,24 Ascan Avenue
724,-73.8353260883,40.7130256127,404 Burns Street
725,-73.8265775607,40.7937747658,9 Summit Place
726,-73.8296431279,40.7905525107,35 141st Street
727,-73.7475639844,40.7460329026,68-13 Cloverdale Lane
728,-73.7495999479,40.7802795812,355 Knollwood Avenue
729,-73.8405735986,40.7155971828,68 Greenway North
730,-73.8479691794,40.7166605895,39 Fleet Street
731,-73.7399738201,40.5985736508,549 Jarvis Avenue
732,-73.9637507343,40.5801626067,27 Brighton 4th Walk
733,-73.8672026969,40.6616720929,182 Old Mill Road
734,-73.7465404799,40.775203599,345 Park Lane
735,-73.7473005918,40.6021276507,3 Hurley Court
736,-73.8437892474,40.7186497913,51 Burns Street
737,-73.8999494432,40.7203059165,65 59th Avenue
738,-73.9725199764,40.5939249422,98 Village Road South
739,-73.752520889,40.7794505073,27 Richmond Road
740,-73.9050439985,40.7020776128,5721 Putnam Avenue
741,-73.9121977508,40.7229980267,373 58th Street
742,-73.9628805222,40.6346645293,31 Newkirk Plaza
743,-73.9628886226,40.6347053293,33 Newkirk Plaza
744,-73.7508606909,40.7744562239,141 Park Lane
745,-73.8020669718,40.7713409158,162-6 Bayside Lane
746,-73.8408653724,40.7120042218,215 Greenway South
747,-73.8843870955,40.7039931761,2779 Central Avenue
748,-73.9875303224,40.5834837243,159 Bay 52nd Street
749,-73.7413017271,40.7534012773,63-83 Douglaston Parkway
750,-73.7407587494,40.7540453646,62-59 Douglaston Parkway
751,-73.8302949022,40.7106776354,115 82nd Road
752,-73.879656776,40.7050808762,2917 Central Avenue
753,-73.7796884291,40.7360536757,192-45 71st Crescent
754,-73.7474867164,40.6022621246,1 Hurley Court
755,-73.8377963516,40.7117299587,36 Rockrose Place
756,-74.1478477829,40.5903183808,56 Gina Court
757,-74.1424540077,40.5637137024,280 Corona Avenue
758,-74.1519759731,40.6149614909,452-2 Caswell Avenue
759,-74.1513034338,40.6150946911,434-2 Caswell Avenue
760,-74.1521024934,40.6135175788,467-2 Willow Road East
761,-74.1511844118,40.6117416753,543-2 Willow Road East
762,-74.1515123707,40.6123332197,523-2 Willow Road East
763,-74.1432725211,40.5548396674,288 Timber Ridge Drive
764,-74.1821372211,40.5207904345,95 Swaim Avenue
765,-74.1845058353,40.5935126047,65 Simmons Loop
766,-74.1641988282,40.535222902,77 Koch Boulevard
767,-74.1385777949,40.5462611659,27 Yacht Club Cove
768,-74.2017610477,40.5540538928,74 Cody Place
769,-74.1995685801,40.5536067976,99 Lombard Court
770,-73.7392153028,40.6564692362,258-48 147th Road
771,-74.1824124432,40.5975884688,1 Baron Boulevard
772,-74.2383548325,40.5002885818,353 Billop Avenue
773,-74.2388520808,40.5002023467,367 Billop Avenue
774,-73.7476060586,40.7712813615,100 Prospect Avenue
775,-73.7478956332,40.7781533901,354 Grosvenor Street
776,-73.8127413243,40.7585443794,236 Cherry Avenue
777,-73.7498117044,40.778118621,315 Grosvenor Street
778,-73.9734309845,40.79389879,16 Pomander Walk
779,-73.8407183563,40.7139803792,85 75th Road
780,-73.906124947,40.7006741992,5612 Putnam Avenue
781,-73.7483422598,40.7459401381,68-35 Cloverdale Lane
782,-73.8124097186,40.7583631539,241 Cherry Avenue
783,-73.8439970229,40.7133450206,191 Ascan Avenue
784,-73.8869918169,40.7031004433,2702 Central Avenue
785,-73.8381050265,40.7150961282,277 Burns Street
786,-73.8300198588,40.5808967066,7 Curtis Court
787,-73.7459126066,40.7746052805,344 Ridge Road
788,-73.8388426853,40.7114144478,62 Rockrose Place
789,-73.8402511765,40.7158726291,24 Beechknoll Road
790,-73.947361823,40.7655048163,20 River Road
791,-73.9660389554,40.5795686322,33 Brighton 2nd Place
792,-73.9636161331,40.5802799858,35 Brighton 4th Walk
793,-73.9071244044,40.6440496684,9 Rose Street
794,-73.8257065389,40.7937171081,2 Summit Place
795,-73.9578407427,40.5817129406,59 Ide Court
796,-73.9156422761,40.7765070437,183 23rd Avenue
797,-73.9215822913,40.5597780895,479 Hillcrest Walk
798,-73.7783779203,40.7406463109,196-5 65th Crescent
799,-73.7539570724,40.7772765064,8 Beverly Road
800,-73.9084080292,40.7122433599,61-27 Tonsor Street
801,-73.8432615958,40.7185754345,71 Burns Street
802,-73.8574973101,40.8096822421,1512 Underhill Avenue
803,-73.7457161965,40.7743492188,21 Oak Lane
804,-73.8352419382,40.7129499839,408 Burns Street
805,-73.7529057034,40.7744447156,6 Arleigh Road
806,-73.8272514099,40.7936310209,93 Malba Drive
807,-73.8159379137,40.6071447234,801 West 8th Road
808,-73.9091177044,40.7209607782,23-40 58th Avenue
809,-73.8478859013,40.7181486567,95 Tennis Place
810,-73.8414352545,40.7135650119,42 Summer Street
811,-73.8252724274,40.7937369166,92 Parsons Boulevard
812,-73.8640777972,40.6817638764,95-18 Drew Street
813,-73.9315292908,40.6946462611,1068 Malcolm X Boulevard
814,-73.7478652142,40.7742497155,267 Ridge Road
815,-73.7519594106,40.781808326,1108 Shore Road
816,-73.7508042967,40.7797702116,320 Knollwood Avenue
817,-73.8291688911,40.7104201713,111 82nd Drive
818,-73.8413511963,40.7157451706,47 Greenway North
819,-73.7486822377,40.7773094681,314 Beverly Road
820,-73.9089169328,40.7218498273,23-45 57th Drive
821,-73.7496386052,40.7757281832,234 Hollywood Avenue
822,-73.7397628464,40.7535441451,63-59 Douglaston Parkway
823,-73.8556133818,40.8591857627,2233 Esplanade
824,-73.8416257217,40.7138418905,37 Summer Street
825,-73.8651506245,40.6822070563,50 Forbell Street
826,-73.8407980441,40.7147309318,62 Seasongood Road
827,-73.8877789605,40.7028974848,2678 Central Avenue
828,-73.8637736593,40.6805248601,97-18 Drew Street
829,-73.9731235454,40.5939766861,110 Village Road South
830,-73.8002419154,40.7825530116,163-51 Willets Point Boulevard
831,-73.8640909123,40.6818177921,95-16 Drew Street
832,-73.8018931932,40.7716848354,162-23 Bayside Lane
833,-73.8394242373,40.7155953245,56 Beechknoll Road
834,-73.7496646569,40.7739429398,217 Ridge Road
835,-73.839476432,40.7111996133,86 Rockrose Place
836,-73.8379662205,40.7149718915,281 Burns Street
837,-73.8623089179,40.6782458121,105-28 Ruby Street
838,-73.8377920851,40.715264655,280 Burns Street
839,-73.9102639824,40.6241791,10 Royce Place
840,-73.8391317039,40.7133836111,167 Greenway North
841,-73.8692070318,40.8214599536,48 Clason Point Lane
842,-73.8461792051,40.7184196149,55 71st Avenue
843,-73.8476297906,40.8134501516,310 Howe Avenue
844,-73.863535884,40.6806733677,427 Drew Street
845,-73.84088499,40.7165241572,23 Borage Place
846,-73.7460373222,40.7737189695,335 Forest Road
847,-73.7533508358,40.7785839196,10 Warwick Avenue
848,-73.8640512612,40.6816548225,95-22 Drew Street
849,-73.7486773908,40.7715997086,14 Hillcrest Avenue
850,-73.9062819513,40.7086698175,578 Grandview Avenue
851,-74.1523750167,40.6147029304,401-2 Willow Road East
852,-74.1520938251,40.6141590411,435-2 Willow Road East
853,-74.1522752854,40.6143017176,437-2 Willow Road East
854,-74.1511250594,40.6119955577,537-1 Willow Road East
855,-74.1123867874,40.6400419533,135 Bement Court
856,-73.8428956056,40.837092138,2498 Rowe Street
857,-74.1649064295,40.6001571969,52 Amsterdam Place
858,-74.1386453132,40.5463546062,29 Yacht Club Cove
859,-74.1699888523,40.6084782047,501 Graham Avenue
860,-73.8674439541,40.7045054269,47-25 81st Street
861,-73.7404802337,40.5995477083,550 Meehan Avenue
862,-74.2027345365,40.5551428119,192 Cody Place
863,-74.2021271982,40.5539526202,60 Cody Place
864,-74.1999022492,40.5539902302,115 Lombard Court
865,-74.1432683534,40.5546897169,302 Timber Ridge Drive
866,-73.8354324429,40.7106735402,80-30 Park Lane South
867,-73.8517397129,40.7081859357,104 Walnut Street
868,-73.8474583017,40.7155171904,140 71st Avenue
869,-73.8401692573,40.7158117667,26 Beechknoll Road
870,-73.7536548523,40.7757238612,10 Manor Road
871,-73.9082834127,40.712170048,61-31 Tonsor Street
872,-73.8917363251,40.5674675507,240 Roxbury Avenue
873,-73.7431146315,40.7618009122,1 Carolina Road
874,-73.7461884892,40.6023909283,9-1 Garden Court
875,-73.7537472957,40.7776170416,7 Beverly Road
876,-73.8404415176,40.7150376666,93 Greenway North
877,-73.9733604808,40.7939962335,18 Pomander Walk
878,-73.8366079818,40.7136986335,718 Burns Street
879,-74.0053054604,40.6556268935,138 35th Street
880,-73.863640499,40.6799256412,97-40 Drew Street
881,-73.9590386964,40.5794382652,143 Brighton 10th Street
882,-73.8562641702,40.8062432123,618 Bronx River Avenue
883,-73.965554478,40.5797358216,55 Brighton 2nd Path
884,-73.8274470093,40.7926973025,79 Malba Drive
885,-73.9152178968,40.7762085636,199 23rd Avenue
886,-73.8422716662,40.7117654653,205 75th Road
887,-73.7531256985,40.7764355249,44 Westmoreland Place
888,-73.912990453,40.5633159712,778 Liberty Lane
889,-73.8004769004,40.782547433,163-43 Willets Point Boulevard
890,-73.8953049577,40.8695697488,10 Parkview Terrace
891,-73.7439378034,40.6582165007,240-28 146th Avenue
892,-73.7413821108,40.5981263117,631 Jarvis Avenue
893,-73.7485328158,40.7762552603,303 Hollywood Avenue
894,-73.7405243683,40.5984544618,605 Jarvis Avenue
895,-73.8477234645,40.7176813858,70 Exeter Street
896,-73.7463839162,40.7765858064,361 Hollywood Avenue
897,-73.8390867101,40.71626374,210 Burns Street
898,-73.7411683149,40.7534128488,63-81 Douglaston Parkway
899,-73.9657169961,40.5792938762,60 Brighton 2nd Lane
900,-73.8799788161,40.7050117062,2909 Central Avenue
901,-73.8468035407,40.7174409037,75 71st Avenue
902,-73.8409276961,40.7126940622,134 75th Road
903,-73.8335857643,40.7089841235,116 Audley Street
904,-73.8447651548,40.718241334,15 Greenway Terrace
905,-73.7459631604,40.7751799279,350 Park Lane
906,-73.9450198974,40.8049020433,18 Mt Morris Park West
907,-73.9064485315,40.7088566107,568 Grandview Avenue
908,-73.837656242,40.7151553294,286 Burns Street
909,-73.7319300407,40.7465711612,241-37 Oak Park Drive
910,-73.9733264629,40.7940432846,19 Pomander Walk
911,-73.847619769,40.8134082852,308 Howe Avenue
912,-73.7785739402,40.7171636573,185-44 Chelsea Street
913,-73.7399443015,40.5998807278,530 Meehan Avenue
914,-73.9069649213,40.6438317934,17 Rose Street
915,-73.9062354409,40.7086429615,578 Grandview Avenue
916,-73.738642822,40.6003531291,335 Meehan Avenue
917,-73.7481152473,40.7715717675,115 Prospect Avenue
918,-73.8312065158,40.6906053904,1022 114th Street
919,-73.8355980662,40.7085056404,132 Audley Street
920,-73.8644610734,40.6821532807,7414 95th Avenue
921,-73.8382403007,40.7152082209,271 Burns Street
922,-73.753566259,40.7796340441,1 Richmond Road
923,-73.8326345762,40.656594696,22 Bayview Avenue
924,-73.7508416125,40.7726780628,29 Cedar Lane
925,-73.7492480481,40.7731948825,217 Forest Road
926,-73.9236735163,40.5872112607,1538 Seba Avenue
927,-73.8383273254,40.7152803351,267 Burns Street
928,-73.8383125399,40.7121756967,216 Greenway North
929,-73.7471363042,40.6020160451,5 Hurley Court
930,-73.8372190134,40.7142536301,307 Burns Street
931,-73.8508967857,40.8366650673,1501 Glebe Avenue
932,-73.8296920606,40.7906681978,33 141st Street
933,-74.003240152,40.5759167827,34 West 37th Street
934,-73.90636087,40.7085948469,578 Grandview Avenue
935,-73.7468035624,40.7754805517,334 Arleigh Road
936,-73.7487593131,40.7751849161,250 Arleigh Road
937,-73.7543380357,40.777322517,412 Shore Road
938,-73.8408282976,40.7113393941,103-35 Norden Road
939,-73.9874042127,40.583465687,157 Bay 52nd Street
940,-73.7510646936,40.7779639201,211 Grosvenor Street
941,-73.8471829185,40.7183674566,65 Tennis Place
942,-74.0031987048,40.5756987911,26 West 37th Street
943,-73.8375232571,40.7145245341,2 76th Road
944,-73.8360286586,40.7081752234,138 Audley Street
945,-73.8640117163,40.6814922917,95-28 Drew Street
946,-73.746092539,40.7742975867,11 Oak Lane
947,-73.829717467,40.7100345955,119 82nd Drive
948,-73.8123771523,40.759124379,141 Beech Avenue
949,-73.9660904442,40.5793671586,31 Brighton 2nd Place
950,-73.9074112584,40.6439950506,8 Rose Street
951,-73.7592794251,40.5969228166,312 Camp Road
952,-73.8641039207,40.6818712416,95-14 Drew Street
953,-73.7512969893,40.7744146515,125 Park Lane
954,-73.829390969,40.7120988893,22 Kew Gardens Road
955,-73.841662062,40.7130280351,170 Greenway South
956,-73.8516673872,40.7082083375,102 Walnut Street
957,-73.9636603513,40.5797184795,7 Brighton 4th Place
958,-73.8571619112,40.8070256769,910 Cornell Avenue
959,-73.7500706709,40.7812764454,338 Bayview Avenue
960,-74.1147693616,40.5962911838,28 Cliffwood Avenue
961,-73.9582220086,40.5819193753,51 Holt Court
962,-73.9637945857,40.5797202012,14 Brighton 4th Place
963,-73.8400058292,40.7136352924,18 Shorthill Road
964,-74.2003300345,40.5369063477,853 Lamont Avenue
965,-74.1503851158,40.5952616249,46 Executive Way
966,-74.1488367833,40.6252923583,902 Morningstar Road
967,-74.1523656337,40.6143058315,439-2 Willow Road East
968,-74.1522682373,40.6139384541,447-2 Willow Road East
969,-74.1517868,40.6136526652,457-1 Willow Road East
970,-74.1517799026,40.613221826,475-1 Willow Road East
971,-74.1509410059,40.6126451063,503-2 Willow Road East
972,-74.1514220286,40.6121664687,527-2 Willow Road East
973,-74.2017095798,40.5540681256,78 Cody Place
974,-74.1848052141,40.56415095,29 Amanda Court
975,-74.1436325807,40.5550878423,262 Timber Ridge Drive
976,-74.1434304422,40.5549515921,276 Timber Ridge Drive
977,-74.0873090732,40.5768339665,47 Baden Place
978,-74.1505674749,40.5492755723,27 Nelson Avenue
979,-74.1655684617,40.5320918082,506 Harold Avenue
980,-74.0805045663,40.5799881429,127 Quincy Avenue
981,-73.7536234686,40.6601206181,144-68 227th Street
982,-73.8436163043,40.7131335961,190 Ascan Avenue
983,-73.7521392672,40.7815850112,1102 Shore Road
984,-73.8378034509,40.7124756675,11 Markwood Place
985,-73.8130635719,40.5899497957,345 Dormans Court
986,-73.8298329002,40.7104127844,116 82nd Drive
987,-73.836482498,40.7141338894,346 Burns Street
988,-73.7533287822,40.7754582778,7 Hollywood Avenue
989,-73.837323157,40.7148844514,300 Burns Street
990,-73.8372697155,40.7142995746,305 Burns Street
991,-73.7338167447,40.7458720562,239-60 Oak Park Drive
992,-73.7407682417,40.7534498349,63-75 Douglaston Parkway
993,-73.7492512931,40.7751112838,236 Arleigh Road
994,-73.8388830017,40.7130260143,191 Greenway North
995,-73.7486358115,40.7707176867,22 Cherry Street
996,-73.8689097646,40.821728935,40 Clason Point Lane
997,-73.9655234738,40.5796115825,54 Brighton 2nd Path
998,-73.7448140406,40.7704814644,3 Stuart Lane
999,-73.8400124848,40.7156458919,32 Beechknoll Road
1000,-73.7821770976,40.7350237729,188-45 71st Crescent
1001,-73.8835136701,40.7041707702,2801 Central Avenue
1002,-73.7509243764,40.77975898,316 Knollwood Avenue
1003,-73.8373701995,40.7143675374,301 Burns Street
1004,-73.8476303536,40.7173143452,35 Exeter Street
1005,-73.7388567755,40.6002218234,341 Meehan Avenue
1006,-73.8479766978,40.813296923,301 Howe Avenue
1007,-73.748367365,40.776261441,309 Hollywood Avenue
1008,-73.7584149064,40.5962490338,289 Watjean Court
1009,-73.8437171008,40.718602169,55 Burns Street
1010,-73.8427895815,40.7152699014,101 Ascan Avenue
1011,-73.7825946914,40.7480231652,196-3 Weeks Lane
1012,-73.8365279435,40.7141749675,342 Burns Street
2952,-73.800526133,40.7822534866,163-31 Willets Point Boulevard
2953,-73.8355071221,40.7127751938,2 Upshaw Road
2954,-73.8642717848,40.6822066648,7418 95th Avenue
2955,-73.7536531586,40.7750155363,108 Shore Road
2956,-73.9119542498,40.6238145139,7149 Peri Lane
2957,-73.7497994833,40.7778444568,302 Grosvenor Street
2958,-73.7509982891,40.7793281717,309 Richmond Road
2959,-73.751258592,40.7721485167,12 West Drive
2960,-73.8636974879,40.6802155374,97-28 Drew Street
2961,-73.8991418493,40.7204119875,46 59th Avenue
2962,-73.7503157988,40.7777240413,230 Grosvenor Street
2963,-73.748993818,40.7789705234,351 Warwick Avenue
2964,-73.857374048,40.8102417647,1604 Underhill Avenue
2965,-73.7516549993,40.7750277946,121 Arleigh Road
2966,-73.7465020727,40.7713950765,311 Cherry Street
2967,-73.8421297247,40.711990952,191 75th Road
2968,-73.8288367879,40.7900453069,39 9th Avenue
2969,-73.8852907793,40.7037535777,2753 Central Avenue
2970,-73.7484653511,40.7704101399,18 Cherry Street
2971,-73.9575227493,40.5819852039,62 Brighton 10th Street
2972,-73.7488753957,40.7705335017,18 Cherry Street
2973,-73.8421815974,40.7119085512,197 75th Road
2974,-73.8393015634,40.7164121092,202 Burns Street
2975,-73.8279537057,40.7913532833,25 North Drive
2976,-73.8423540479,40.7159602539,75 Ascan Avenue
2977,-74.1514083707,40.6143712142,411-2 Willow Road East
2978,-74.1519993131,40.6141193029,433-1 Willow Road East
2979,-74.1514824099,40.6128918476,487-1 Willow Road East
2980,-74.134569609,40.5717936422,1 Ardsley Street
2981,-74.222153996,40.5355389445,98 Robin Court
2982,-74.2222955276,40.5355297651,96 Robin Court
2983,-74.1854012135,40.5639566537,44 Amanda Court
2984,-73.8466637169,40.7193938497,16 Tennis Place
2985,-73.8839123422,40.7041058596,2791 Central Avenue
2986,-73.7494260531,40.7774852883,303 Beverly Road
2987,-73.8392874468,40.7150263316,30 75th Road
2988,-73.7457093989,40.7701505918,109 Depew Avenue
2989,-73.8840681862,40.7040696693,2787 Central Avenue
2990,-73.8122578443,40.7591369608,145 Beech Avenue
2991,-73.7473014027,40.7690278653,33 240th Street
2992,-73.8381299611,40.7125613851,9 Markwood Place
2993,-73.7456122663,40.7736872634,345 Forest Road
2994,-73.8481723479,40.7179529467,99 Tennis Place
2995,-73.7502880019,40.7721719056,2 Cedar Lane
2996,-73.8616325905,40.6757150816,107-26 Ruby Street
2997,-73.7529118506,40.779531898,7 Richmond Road
2998,-73.8370776188,40.7146600402,314 Burns Street
2999,-73.8573942123,40.8094987812,1515 Underhill Avenue
3000,-73.8660992918,40.6829340683,321 Eldert Lane
3001,-73.8652050392,40.6824261702,40 Forbell Street
3002,-73.7482187056,40.7459739746,68-33 Cloverdale Lane
3003,-73.8404623604,40.7171536311,156 Burns Street
3004,-73.8391900564,40.7159448043,215 Burns Street
3005,-73.8127869408,40.7592894501,124 Beech Avenue
3006,-73.961432702,40.5810280463,28 Brighton 7th Court
3007,-73.9068664983,40.6591768413,224 Thatford Avenue
3008,-73.856812905,40.8067020074,812 Underhill Avenue
3009,-73.7463506747,40.7752847081,351 Park Lane
3010,-73.8416920211,40.7170152927,33 Ascan Avenue
3011,-73.7407821972,40.7540626874,62-61 Douglaston Parkway
3012,-73.7463428335,40.7721686469,15 38th Drive
3013,-73.8399318371,40.7144935333,115 Greenway North
3014,-73.8635675752,40.6796070263,97-54 Drew Street
3015,-73.7445614816,40.6579990254,240-8 146th Avenue
3016,-73.7389729131,40.753604857,63-47 Douglaston Parkway
3018,-73.8275729251,40.7914646913,75 Malba Drive
3017,-73.84678871,40.7154102796,63 Groton Street
3019,-73.7452984344,40.7718125638,42 38th Drive
3020,-73.9184118848,40.7780312422,114 23rd Avenue
3021,-73.8688380371,40.8213353737,32 Clason Point Lane
3022,-73.8563754693,40.8076536223,1021 G Street
3023,-73.8573215292,40.8099741657,1608 Underhill Avenue
3024,-73.8366483001,40.7123839702,40 Markwood Place
3025,-73.7514684151,40.7800100994,303 Knollwood Avenue
3026,-73.750828391,40.7779977554,217 Grosvenor Street
3027,-73.8849436433,40.7038359612,2763 Central Avenue
3028,-73.8396554554,40.7121635438,35 Wendover Road
3029,-73.7482642354,40.7733914165,243 Forest Road
3030,-73.7412400902,40.6876291345,120-82 121st Avenue
3031,-73.9175047263,40.7778830177,129 23rd Avenue
3032,-73.8444569658,40.7158311356,14 72nd Avenue
3033,-73.8271704862,40.7940214288,99 Malba Drive
3034,-73.9662771455,40.5772952681,65 Brighton 1st Place
3035,-73.7404928387,40.7534672925,63-71 Douglaston Parkway
3036,-73.840890613,40.7154090142,63 Greenway North
3037,-73.8389765285,40.7161866243,216 Burns Street
3038,-73.881837262,40.704306073,2852 Central Avenue
3039,-73.8130673723,40.5899495747,345 Dormans Court
3040,-73.739382223,40.7535659009,63-53 Douglaston Parkway
3041,-73.8390178073,40.7151973122,66 Beechknoll Road
3042,-73.8294639103,40.8428505553,2994 Merry Avenue
3043,-73.8350709251,40.7127962868,416 Burns Street
3044,-73.826163049,40.7918592158,13 North Drive
3045,-73.8349029222,40.7617017918,133-16 King Road
3046,-73.7508671784,40.780766231,315 Kenmore Road
3047,-73.8416848962,40.7119172277,170 75th Road
3048,-73.8397764841,40.7109826369,260 Greenway South
3049,-73.962892633,40.634725529,34 Newkirk Plaza
3050,-73.9591617048,40.5796680291,150 Brighton 10th Street
3051,-73.8875072283,40.7029568732,2684 Central Avenue
3052,-73.9067937147,40.7093098915,551 Grandview Avenue
3053,-73.9121704982,40.7225211324,353 58th Street
3054,-73.8418966149,40.7116310518,188 75th Road
3055,-73.8382571535,40.7156347152,262 Burns Street
3056,-73.9883390513,40.5828613967,174 Bay 53rd Street
3057,-73.8570061308,40.8085370726,1626 Underhill Avenue
3058,-73.8436267859,40.7185323107,59 Burns Street
3059,-73.8431887285,40.7125217958,25 Ingram Street
3060,-73.8428798448,40.7106149821,247 75th Road
3061,-73.7375556,40.7697076106,5 Cornell Lane
3062,-73.9182536583,40.7779189592,120 23rd Avenue
3063,-73.8390624962,40.7148277864,83 Beechknoll Road
3064,-73.9244805011,40.6379430776,32 Preston Court
3065,-73.842695979,40.7145912419,134 Ascan Avenue
3066,-73.7498079998,40.5987078259,14 Ostend Place
3067,-73.8312006145,40.6551151288,41 Russell Street
3068,-73.8273184562,40.793145423,85 Malba Drive
3069,-73.751151033,40.7768978473,210 Beverly Road
3070,-73.9750726952,40.6670090944,94 Prospect Park West
3071,-73.9628116209,40.6344650586,24 Newkirk Plaza
3072,-73.8888179963,40.5663867062,81 Church Avenue
3073,-73.8126114687,40.7593376008,128 Beech Avenue
3074,-73.8979516059,40.7205665693,27 59th Avenue
3075,-73.908328874,40.8292992957,15 Gouverneur Place
3076,-73.8478495207,40.8143875732,56 Howe Avenue
3077,-74.1046069262,40.6264436745,10 Birch Avenue
3078,-73.881744449,40.7043182397,2854 Central Avenue
3079,-74.1206544709,40.5784164186,227 Walden Avenue
3080,-74.1387342496,40.5464336121,31 Yacht Club Cove
3081,-74.2023612853,40.5552007962,208 Cody Place
3082,-74.2021015551,40.5546306431,152 Cody Place
3083,-74.1996190906,40.5536599647,101 Lombard Court
3084,-74.1844376252,40.5935695322,69 Simmons Loop
3085,-74.207606565,40.5453086251,424 Alverson Avenue
3086,-73.7510346909,40.7811145056,310 Bayview Avenue
3087,-73.8660544528,40.6827368446,329 Eldert Lane
3088,-73.8302642385,40.7899376806,18 Point Crescent
3089,-73.9161277781,40.7769139805,169 23rd Avenue
3090,-73.9159666747,40.776800993,175 23rd Avenue
3091,-73.8269891187,40.7952083351,110 Malba Drive
3092,-73.8125266742,40.7586246545,230 Cherry Avenue
3093,-73.7488739188,40.777978461,332 Grosvenor Street
3094,-73.7500428139,40.7805919226,344 Kenmore Road
3095,-73.7408894105,40.7541326532,62-65 Douglaston Parkway
3096,-73.7489851578,40.7737556762,232 Ridge Road
3097,-73.8262940629,40.7914574209,16 North Drive
3098,-73.7464078087,40.7748288378,333 Ridge Road
3099,-73.9658995509,40.5801328254,39 Brighton 2nd Place
3100,-73.9660065702,40.577803173,3040 Brighton 1st Path
3101,-73.9870833027,40.582780439,131 Bay 53rd Street
3102,-73.9071195721,40.6585238757,173 Thatford Avenue
3103,-73.9388933096,40.58366834,12 Webers Court
3104,-73.7494277566,40.773982052,223 Ridge Road
3105,-73.8276385941,40.7905066377,27 9th Avenue
3106,-73.9560093242,40.5840270197,11 Columbia Court
3107,-73.8287681487,40.7915594863,30 7th Avenue
3108,-73.7526050483,40.7720081561,6 Melrose Lane
3109,-73.8383027861,40.7156724293,260 Burns Street
3110,-73.7492946645,40.7789424865,345 Warwick Avenue
3111,-73.8378817194,40.7153367896,276 Burns Street
3112,-73.9059436769,40.7008530979,5618 Putnam Avenue
3113,-73.8104985367,40.7588792235,269 Cherry Avenue
3114,-73.975096715,40.6153814032,1227 Dahill Road
3115,-73.9579901858,40.5819278167,55 Ide Court
3116,-73.8359077113,40.8933906714,46 Nuvern Avenue
3117,-73.7394762043,40.5998373217,515 Meehan Avenue
3118,-73.8676236304,40.7041142233,47-40 81st Street
3119,-73.7509866026,40.7783585596,220 Warwick Avenue
3120,-73.8431642649,40.7146064703,125 Ascan Avenue
3121,-73.8805431149,40.7048932098,2891 Central Avenue
3122,-73.748913017,40.775861438,256 Hollywood Avenue
3123,-73.8450272948,40.7154633103,25 72nd Avenue
3124,-73.8133613274,40.7581123286,209 Cherry Avenue
3125,-73.8414245826,40.7142708435,15 Summer Street
3126,-73.8419726587,40.716563134,47 Ascan Avenue
3127,-73.7775947695,40.7167590095,186-14 Chelsea Street
3128,-73.8294928126,40.7106029332,112 82nd Drive
3129,-73.8282592279,40.7066708808,155 Cuthbert Road
3130,-73.7530222594,40.7754847152,17 Hollywood Avenue
3131,-73.7486361875,40.7755249562,259 Arleigh Road
3132,-73.8309732126,40.6907679848,1019 114th Street
3133,-73.7520761744,40.7717748354,215 Bay Street
3134,-74.0045642066,40.6554547419,153 35th Street
3135,-73.9109674562,40.6236284827,7181 Peri Lane
3136,-73.9662443847,40.5784039746,9 Brighton 1st Court
3137,-73.7565710126,40.6763654192,137-9 Eastgate Plaza
3138,-73.7461601208,40.7749195426,337 Ridge Road
3139,-73.7499027591,40.7784950641,318 Warwick Avenue
3140,-73.865662716,40.8507691682,2000 Antin Place
3141,-73.8291000718,40.6860467642,1024 114th Street
3142,-73.8463628587,40.7152633228,77 Groton Street
3143,-73.8618188257,40.6761744436,107-12 Ruby Street
3144,-73.9110304024,40.6236388596,7179 Peri Lane
3145,-73.8445413302,40.7147200725,60 Greenway South
3146,-73.8287908544,40.7119698946,49 Kew Gardens Road
3147,-73.8476979822,40.7188526164,68 Dartmouth Street
3148,-73.750221727,40.7808987912,337 Kenmore Road
3149,-73.9195107088,40.7254108062,56-75 49th Street
3150,-73.7497178898,40.5983054906,4 Ostend Place
3151,-73.7438884102,40.5980169126,2 Jarvis Avenue
3152,-73.7413038661,40.7540165548,62-77 Douglaston Parkway
3153,-73.8821055205,40.8295329092,1236 Bronx River Avenue
3154,-73.8373654847,40.7149231378,298 Burns Street
3155,-73.7483541604,40.7773670517,324 Beverly Road
3156,-73.8423095172,40.7162553738,11 Greenway North
3157,-73.8359455328,40.7124991475,16 Upshaw Road
3158,-73.8398321354,40.7167757159,182 Burns Street
3159,-73.9732233645,40.7941858418,22 Pomander Walk
3160,-73.8476522427,40.8135433493,66 Howe Avenue
3161,-73.8995141888,40.7203638125,53 59th Avenue
3162,-73.8292250852,40.7113461795,101 82nd Road
3163,-73.750522338,40.7759135935,215 Hollywood Avenue
3164,-73.83041259,40.712868211,106 81st Avenue
3165,-73.9876652595,40.5832953906,163 Bay 52nd Street
3166,-73.8107527777,40.7590876491,266 Cherry Avenue
3167,-73.8558325853,40.8086990512,3 Dune Court
3168,-73.8261122344,40.7909088999,19 9th Avenue
3169,-73.8291568514,40.7905662013,39 North Drive
3170,-73.8470193643,40.7155141474,49 Groton Street
3171,-73.740635116,40.75346139,63-73 Douglaston Parkway
3172,-73.8425592802,40.6944656494,135 88th Avenue
3173,-73.8446885994,40.7179405969,31 Greenway Terrace
3174,-73.9166602335,40.7768018557,162 23rd Avenue
3175,-73.8812811526,40.7044255317,2868 Central Avenue
3176,-73.842106899,40.7124505292,60 Ingram Street
3177,-73.8317512354,40.7090292481,101 Audley Street
3178,-73.7498061227,40.7792313201,342 Richmond Road
3179,-74.0909665021,40.6144747614,12 Campus Road
3180,-74.0929637462,40.6152067495,15 Campus Road
3181,-73.8970655777,40.6339864282,11 Schenck Place
3182,-74.1517156396,40.6151922254,456-2 Caswell Avenue
3183,-74.1521220885,40.6146296986,407-2 Willow Road East
3184,-74.1515612354,40.614861664,444-1 Caswell Avenue
3185,-74.1515778801,40.614847026,444-2 Caswell Avenue
3186,-74.1514492358,40.6142346556,415-2 Willow Road East
3187,-74.1524153179,40.6140950113,443-1 Willow Road East
3188,-74.1516852646,40.6129317341,481-2 Willow Road East
3189,-74.150951289,40.6128223408,495-2 Willow Road East
3190,-74.1510001099,40.6124174904,511-1 Willow Road East
3191,-74.1055185566,40.6242124277,82 Whitewood Avenue
3192,-74.1994098456,40.5144694551,23 Broken Shell Road
3193,-74.1379551257,40.5710015926,35 Kensico Street
3194,-74.2220858308,40.5355421033,100 Robin Court
3195,-74.1388427481,40.5464976497,33 Yacht Club Cove
3196,-74.1653916269,40.5345010919,6 Koch Boulevard
3197,-73.828484213,40.653577505,65 Davenport Court
3198,-73.7412490858,40.6883686292,222-5 Francis Lewis Boulevard
3199,-73.8378765283,40.7148975632,285 Burns Street
3200,-73.7416068289,40.5980801904,637 Jarvis Avenue
3201,-73.838087831,40.7135361635,53 Underwood Road
3202,-74.1598083384,40.5403908706,281 Sycamore Street
3203,-73.8272445977,40.7056128123,52 124th Place
3204,-74.1181614311,40.5541186014,528 Merkel Place
3205,-73.8379689359,40.7154069813,272 Burns Street
3206,-73.7490463674,40.7792604107,347 Marinette Street
3207,-73.7484658116,40.7459063054,68-37 Cloverdale Lane
3208,-73.8912887,40.7023441341,2585 Central Avenue
3209,-73.7392466655,40.753577661,63-51 Douglaston Parkway
3210,-73.924960419,40.6380178237,21 Preston Court
3211,-73.8328534376,40.7087954511,109 Audley Street
3212,-73.8556996067,40.8087164066,1 Dune Court
3213,-73.8378395153,40.7153028262,278 Burns Street
3214,-73.7524235939,40.7783927143,110 Warwick Avenue
3215,-73.9956944579,40.731522597,54 Washington Mews
3216,-73.747068525,40.601954668,5 Hurley Court
3217,-73.7513446616,40.7757724299,137 Hollywood Avenue
3218,-73.8889155822,40.5663717756,80 Church Avenue
3219,-73.9252571055,40.6375920808,8 Preston Court
3220,-73.8293338579,40.7057448036,273 Brevoort Street
3221,-73.9051074323,40.7019949718,5719 Putnam Avenue
3222,-73.8444842708,40.7169963345,73 Greenway Terrace
3223,-73.7404865628,40.5987356129,602 Jarvis Avenue
3224,-73.7464142067,40.6026158969,9-20 Garden Court
3225,-73.7478257492,40.6002616944,1330 Grandview Terrace
3226,-73.7486649778,40.7744959062,246 Park Lane
3227,-73.9357962262,40.5834357918,9 Shale Street
3228,-73.7295976405,40.6631252296,250-14 Hook Creek Boulevard
3229,-73.7771510092,40.7168864315,186-21 Chelsea Street
3230,-73.7478605479,40.777044095,335 Manor Road
3231,-73.9071984691,40.709301365,516 Grandview Avenue
3232,-73.7409431057,40.5985516972,618 Jarvis Avenue
3233,-73.7504938204,40.7777118851,228 Grosvenor Street
3234,-73.7490540662,40.7779583578,320 Grosvenor Street
3235,-73.9094710461,40.7106543864,446 Grandview Avenue
3236,-73.9250717079,40.6379473048,17 Preston Court
3237,-73.9958532755,40.7315894744,58 Washington Mews
3238,-73.879506452,40.6817068446,3131 Arlington Avenue
3239,-73.7457053673,40.7722241717,37 38th Drive
3240,-73.8415128398,40.7121607043,154 75th Road
3241,-73.8575981287,40.8100759221,1506 Underhill Avenue
3242,-73.8418950212,40.6946340002,153 88th Avenue
3243,-73.7499437985,40.6031643019,14 Scott A Gadell Place
3244,-73.7410691481,40.6875744636,120-86 121st Avenue
3245,-73.7498509278,40.7757233569,222 Hollywood Avenue
3246,-73.8406428718,40.7122977829,210 Greenway South
3247,-73.7516739433,40.7821001118,1114 Shore Road
3248,-73.8479624042,40.7158505286,35 Groton Street
3249,-73.9098976773,40.7208000679,23-30 58th Avenue
3250,-73.7404969475,40.7534669355,63-71 Douglaston Parkway
3251,-73.8557535097,40.8083709114,8 Banes Court
3252,-73.9116816184,40.8800623787,1 Riverdale Avenue
3253,-73.8476628279,40.8135852155,65 Howe Avenue
3254,-73.7410375946,40.7542516401,62-71 Douglaston Parkway
3255,-73.8388839386,40.716122685,220 Burns Street
3256,-73.8801421988,40.7049724019,2903 Central Avenue
3257,-73.7505952778,40.7762837116,214 Manor Road
3258,-73.9215652933,40.7218265277,56-35 48th Street
3259,-73.7469429886,40.7728331233,301 38th Road
3260,-73.8437263408,40.7127597273,11 Ingram Street
3261,-73.7466237337,40.7765446752,355 Hollywood Avenue
3262,-73.9285411489,40.7291734824,34-52 Laurel Hill Boulevard
3263,-73.8642031949,40.682216336,7420 95th Avenue
3264,-73.835757369,40.7134183357,386 Burns Street
3265,-73.8243027591,40.7908974434,1 9th Avenue
3266,-73.9156956372,40.7765445764,181 23rd Avenue
3267,-73.8639076438,40.8521891244,2070 Antin Place
3268,-73.7504781621,40.7805450302,330 Kenmore Road
3269,-73.8844511904,40.7039786383,2777 Central Avenue
3270,-73.739751838,40.6000122889,526 Meehan Avenue
3271,-73.749609324,40.7771605417,252 Beverly Road
3272,-73.8249106007,40.7873643882,7 Hill Court
3273,-73.8383435851,40.7157061544,258 Burns Street
3274,-73.8370728168,40.7175748457,11 75th Road
3275,-73.7405898201,40.5983791025,607 Jarvis Avenue
3276,-73.8392635346,40.7143580756,132 Greenway North
3277,-73.8400947428,40.7157070026,30 Beechknoll Road
3278,-73.8455543086,40.7172951795,37 Bow Street
3279,-73.8294721108,40.7899993164,43 141st Street
3280,-73.9628681887,40.6346024096,28 Newkirk Plaza
3281,-73.8313121306,40.7122599678,118 81st Avenue
3282,-73.9641757307,40.5801601862,31 Brighton 4th Walk
3283,-73.7485443402,40.7733139011,237 Forest Road
3284,-73.842560714,40.7147416897,122 Ascan Avenue
3285,-73.8106130652,40.7591228701,270 Cherry Avenue
3286,-73.8363938572,40.7118168474,49 Markwood Place
3287,-73.7473548159,40.7778274099,363 Beverly Road
3288,-73.7507695874,40.7723720579,17 Cedar Lane
3289,-73.8347139449,40.7087075838,124 Audley Street
3290,-73.8654458799,40.6819132492,7314 95th Avenue
3291,-73.8633117596,40.67979805,467 Drew Street
3292,-73.7516559315,40.7743241572,115 Park Lane
3293,-73.8411016168,40.6950121961,179 88th Avenue
3294,-74.0822204219,40.6420775321,85 Ft Hill Circle
3295,-74.1538408973,40.634374063,20 Beamer Court
3296,-74.152312641,40.614681956,403-1 Willow Road East
3297,-74.1522084972,40.6146551428,405-2 Willow Road East
3298,-74.1514012141,40.6143944688,411-1 Willow Road East
3299,-74.1518287343,40.6132261104,473-2 Willow Road East
3300,-74.1516486355,40.612929792,483-1 Willow Road East
3301,-74.0851721178,40.6242167317,636 Van Duzer Street
3302,-74.1299267029,40.6003445958,291 Wellbrook Avenue
3303,-74.2020491761,40.554644787,154 Cody Place
3304,-74.2020709921,40.5539681652,62 Cody Place
3305,-74.1431956118,40.5547854874,294 Timber Ridge Drive
3306,-74.1432211344,40.5548034709,292 Timber Ridge Drive
3307,-74.1431024637,40.5547609496,298 Timber Ridge Drive
3308,-74.22223715,40.5355335902,96 Robin Court
3309,-74.144991485,40.5532797493,34 Stern Court
3310,-73.7300870243,40.6647025118,248-10 Hook Creek Boulevard
3311,-73.8290519681,40.710493249,109 82nd Drive
3312,-73.9068134061,40.7090733494,556 Grandview Avenue
3313,-73.7512097028,40.7783754902,202 Warwick Avenue
3314,-73.7459524151,40.7711543799,324 Cherry Street
3315,-73.7510225092,40.7762339987,200 Manor Road
3316,-73.839247536,40.7163748015,204 Burns Street
3317,-73.7519064417,40.7776261496,122 Grosvenor Street
3318,-73.8800461374,40.7047470518,2904 Central Avenue
3319,-73.7502952719,40.7721899264,2 38th Road
3320,-73.8470653764,40.7867413119,11 Beech Court Circle
3321,-73.8429930913,40.7141033953,150 Ascan Avenue
3322,-73.8301440861,40.7116844051,109 82nd Avenue
3323,-73.8392749066,40.7118243385,46 Wendover Road
3324,-73.8389309696,40.7161551616,218 Burns Street
3325,-73.8635101254,40.6794854468,97-58 Drew Street
3326,-74.0043848552,40.6550855066,168 35th Street
3327,-73.9184636035,40.7780679446,112 23rd Avenue
3328,-73.905410462,40.7082485292,602 Grandview Avenue
3329,-73.7522069406,40.7787023897,101 Warwick Avenue
3330,-73.7788597201,40.7172371086,185-36 Chelsea Street
3331,-73.7848685958,40.8380244714,1 Rochelle Street
3332,-73.9629199088,40.63496515,39 Newkirk Plaza
3333,-73.8482329139,40.8143647028,329 Howe Avenue
3334,-73.857290403,40.8088619701,1521 Underhill Avenue
3335,-73.9645439861,40.5794851723,8 Brighton 3rd Place
3336,-73.9284324409,40.5863823866,2 Plumb 3rd Street
3337,-73.9662670223,40.5783994391,9 Brighton 1st Court
3338,-73.7462927932,40.7758961963,357 Arleigh Road
3339,-73.8686548217,40.8215342748,38 Clason Point Lane
3340,-73.8300280671,40.6577669129,4 102nd Street
3341,-73.9198236651,40.5606391339,115 Rockaway Point Boulevard
3342,-73.8916816863,40.5673204982,250 Roxbury Avenue
3343,-73.9132349402,40.5634862629,728 Liberty Lane
3344,-73.8400672389,40.7169152318,170 Burns Street
3345,-73.9565979205,40.5776365838,3101 Brighton 14th Street
3346,-73.8298656564,40.8721056401,100 Alcott Place
3347,-73.830146817,40.7116825931,109 82nd Avenue
3348,-73.8385273946,40.7147848084,92 Beechknoll Road
3349,-73.7463621494,40.771803598,18 38th Drive
3350,-73.7514234156,40.77243771,24 Ardsley Road
3351,-73.8860217496,40.7033276835,2726 Central Avenue
3352,-73.828418562,40.7068188084,153 Cuthbert Road
3353,-73.8849090185,40.7035678106,2762 Central Avenue
3354,-73.8371621802,40.7141387296,3 Underwood Road
3355,-73.8484689172,40.7160518624,15 Groton Street
3356,-73.7506411613,40.77731594,225 Beverly Road
3357,-73.746259366,40.7742437756,7 Oak Lane
3358,-73.801816066,40.7714590467,162-14 Bayside Lane
3359,-73.7465863918,40.7772616104,369 Manor Road
3360,-73.8397429038,40.7142740554,123 Greenway North
3361,-73.7507318568,40.7755733128,200 Hollywood Avenue
3362,-73.7479071031,40.7721251655,134 Prospect Avenue
3363,-73.8452152801,40.7179944096,5 Archway Place
3364,-73.825110023,40.7872989057,6 Hill Court
3365,-73.8396468348,40.7147669984,108 Greenway North
3366,-73.8361805916,40.7133481019,734 Burns Street
3367,-73.7480124618,40.7459945379,68-29 Cloverdale Lane
3368,-73.7461557498,40.7756273011,350 Arleigh Road
3369,-73.8569162989,40.8080513344,1633 Underhill Avenue
3370,-73.93872581,40.5835273151,15 Webers Court
3371,-73.8407879429,40.7166935602,27 Borage Place
3372,-73.7493811377,40.7736665833,220 Ridge Road
3373,-73.8633354417,40.6799015238,461 Drew Street
3374,-73.8380598177,40.7114786127,244 Greenway North
3375,-73.8466453305,40.7167870483,86 71st Avenue
3376,-73.8157945592,40.7471526137,50-20 Colden Street
3377,-73.7482563062,40.7459622136,68-33 Cloverdale Lane
3378,-73.8574706487,40.8096284714,1513 Underhill Avenue
3379,-73.8640256463,40.6815495542,95-26 Drew Street
3380,-73.9354830024,40.5836302223,23 Bogardus Street
3381,-73.9659671211,40.5798952502,36 Brighton 2nd Place
3382,-73.829362812,40.7116603604,102 82nd Road
3383,-73.744179528,40.5980472867,1 Jarvis Avenue
3384,-73.9284324592,40.586365258,3 Plumb 3rd Street
3385,-73.8129388739,40.5900781892,355 Dormans Court
3386,-73.835729831,40.712983071,810 Burns Street
3387,-73.8521717489,40.708277186,110 Walnut Street
3388,-73.8428063236,40.7127846559,36 Ingram Street
3389,-73.8688991414,40.8212690378,30 Clason Point Lane
3390,-73.7378615866,40.7697012691,8 Cornell Lane
3391,-73.8304031664,40.7119425871,112 82nd Avenue
3392,-73.8384678649,40.7138583357,50 76th Road
3393,-73.9818582114,40.6427612733,110 Story Street
3394,-73.8572002191,40.8083922406,1528 Underhill Avenue
3395,-73.8460058292,40.7154835496,80 Groton Street
3396,-73.8407615401,40.7161879944,8 Borage Place
3397,-73.7475844003,40.7770909355,341 Manor Road
3398,-73.9184641679,40.7785587474,210 23rd Avenue
3399,-73.7480668552,40.773429489,249 Forest Road
3400,-73.830047518,40.5809500357,5 Curtis Court
3401,-73.8634741829,40.6804196119,439 Drew Street
3402,-73.8282382738,40.7963681489,1-22 Powells Cove Drive
3403,-73.8457993711,40.7181053562,36 71st Avenue
3404,-73.9650267984,40.5802512757,47 Brighton 3rd Court
3405,-73.9667667431,40.5771453765,68 Brighton 1st Lane
3406,-73.8296540184,40.8428424813,2990 Merry Avenue
3407,-73.7501075136,40.779874708,336 Knollwood Avenue
3408,-73.7522142716,40.7760379188,110 Manor Road
3409,-73.7516319906,40.7790196771,116 Richmond Road
3410,-74.1052472322,40.6245726087,79 Whitewood Avenue
3411,-74.106539995,40.6120372059,169 Cattaraugus Street
3412,-74.1482591697,40.5904954297,59 Gina Court
3413,-74.151621448,40.6151822466,454-2 Caswell Avenue
3414,-74.152476428,40.6147955667,399-1 Willow Road East
3415,-74.1512862677,40.6146211896,430-1 Caswell Avenue
3416,-74.1517600154,40.6139997989,427-2 Willow Road East
3417,-74.1517351773,40.6129403814,481-1 Willow Road East
3418,-74.1845748199,40.5934550314,61 Simmons Loop
3419,-74.1516032612,40.5503974275,24 Nelson Avenue
3420,-74.0755876864,40.6069079684,121 Narrows Road North
3421,-74.1182756065,40.5544835339,539 Merkel Place
3422,-74.1184308955,40.554339813,531 Merkel Place
3423,-74.1390335868,40.5466475898,37 Yacht Club Cove
3424,-74.19966472,40.5537142382,103 Lombard Court
3425,-73.9664229794,40.5774244851,64 Brighton 1st Terrace
3426,-73.8249990675,40.7913181916,6 North Drive
3427,-73.7519570041,40.7732537838,4 Ridge Road
3428,-73.7518140849,40.77906794,112 Richmond Road
3429,-74.1506374834,40.5495910892,17 Nelson Avenue
3430,-73.7769999123,40.7167869687,186-27 Chelsea Street
3431,-73.7508036384,40.7790583145,308 Richmond Road
3432,-73.9639899534,40.5804020677,38 Brighton 4th Court
3433,-73.8519276222,40.7081413933,108 Walnut Street
3434,-73.9663004645,40.5772166962,65 Brighton 1st Lane
3435,-73.848803883,40.7185594829,83 Dartmouth Street
3436,-73.7470419465,40.7757685377,335 Arleigh Road
3437,-73.8691269442,40.8215241248,46 Clason Point Lane
3438,-73.9639410097,40.5802176027,33 Brighton 4th Walk
3439,-73.8698960287,40.8218179002,72 Clason Point Lane
3440,-73.9664685334,40.5778369249,53 Brighton 1st Place
3441,-74.1506274145,40.5495486543,19 Nelson Avenue
3442,-73.9630642346,40.5801152225,25 Brighton 5th Lane
3443,-73.7465016022,40.7742720764,3 Oak Lane
3444,-73.8524781275,40.7078162448,117 Walnut Street
3445,-73.987693395,40.583293722,165 Bay 52nd Street
3446,-73.9640634465,40.5801827842,32 Brighton 4th Walk
3447,-73.8514909859,40.7082704777,98 Walnut Street
3448,-73.9080088889,40.7097833846,488 Grandview Avenue
3449,-73.7487365578,40.7738030527,234 Ridge Road
3450,-73.7506161376,40.7737919251,141 Ridge Road
3451,-73.807037311,40.8221467365,12 Harding Avenue
3452,-73.9604753673,40.5810305103,18 Brighton 8th Place
3453,-73.9120882945,40.7034684821,572 Cypress Avenue
3454,-73.7508504789,40.781175234,316 Bayview Avenue
3455,-73.8393219272,40.7145828377,120 Greenway North
3456,-73.9528105486,40.5775323634,6 Oriental Court
3457,-73.7499553741,40.773570261,200 Ridge Road
3458,-73.7459707051,40.7748709416,343 Ridge Road
3459,-73.9628991682,40.5801507578,23 Brighton 5th Lane
3460,-74.2063101041,40.5173356899,200 Vail Avenue
3461,-73.7514194985,40.7776691618,202 Grosvenor Street
3462,-73.8065987067,40.8221808689,16 Harding Avenue
3463,-73.8636011074,40.6797535459,97-46 Drew Street
3464,-73.7440467593,40.7323129346,221-87 Manor Road
3465,-73.8374932807,40.7139374417,21 Underwood Road
3466,-73.8300016139,40.7108392339,111 82nd Road
3467,-74.1023787435,40.5614696116,139 Cedar Grove Court
3468,-73.8452571006,40.7176534245,26 Bow Street
3469,-73.8456743753,40.7184646983,20 71st Avenue
3470,-73.9628599654,40.5804441371,34 Brighton 5th Walk
3471,-73.7495808136,40.7727439955,20 Center Drive
3472,-73.750363945,40.7724788596,16 Cedar Lane
3473,-73.7520358792,40.7793745628,103 Richmond Road
3474,-73.9613171314,40.5806852085,16 Brighton 7th Walk
3475,-73.8396873078,40.7107876431,270 Greenway South
3476,-73.9836221833,40.6462593856,3380 Ft Hamilton Parkway
3477,-73.9278632638,40.8129877974,15 Canal Place
3478,-73.804139293,40.6674778634,134-28 135th Avenue
3479,-73.8415481619,40.7125653721,165 Puritan Avenue
3480,-73.9623189329,40.5808188867,39 Brighton 6th Court
3481,-73.7459134856,40.7729292593,335 38th Road
3482,-73.7438728507,40.7613378832,6 Carolina Road
3483,-74.1035179139,40.6265552106,16 Birch Avenue
3484,-73.7532892532,40.7799969128,806 Shore Road
3485,-73.7379137656,40.7700162656,9 Cornell Lane
3486,-74.1078959404,40.5934452329,31 St James Place
3487,-73.8466883077,40.787009014,8 Beech Court Circle
3488,-73.8373224934,40.7134246819,4 Deepdene Road
3489,-73.9628634137,40.579893421,14 Brighton 5th Place
3490,-73.7474677366,40.7708922157,38 Cherry Street
3491,-74.1183686693,40.5539379764,518 Merkel Place
3492,-73.7503487074,40.778763537,317 Warwick Avenue
3493,-73.8076330645,40.8221980454,30 Harding Avenue
3494,-73.7440849589,40.7612805747,2 Carolina Road
3495,-73.942815623,40.7465519425,5 Court Square
3496,-74.1461775111,40.6118454862,96 Auburn Avenue
3497,-73.9636928358,40.5799915131,24 Brighton 4th Lane
3498,-73.9657936063,40.5798632431,45 Brighton 2nd Place
3499,-73.9079364164,40.7097406285,490 Grandview Avenue
3500,-73.9868969388,40.5828051211,125 Bay 53rd Street
3501,-73.748768676,40.7696384238,16 40th Avenue
3502,-73.9603004202,40.5803416916,39 Brighton 8th Place
3503,-73.9657329099,40.5774709343,33 Brighton 1st Path
3504,-73.9603207705,40.5805650642,35 Brighton 8th Place
3505,-73.8433002054,40.7126010368,21 Ingram Street
3506,-73.7471739414,40.7717159237,15 Circle Road
3507,-73.7476312715,40.7731747728,260 Forest Road
3508,-73.7508985604,40.7776684523,214 Grosvenor Street
3509,-73.7497775641,40.7795396891,345 Richmond Road
3510,-73.7535294429,40.7782651509,5 Grosvenor Street
3511,-73.8486758118,40.7161297159,13 Groton Street
3512,-74.1024371967,40.5614983703,137 Cedar Grove Court
3513,-73.8263987263,40.7928657741,9 7th Avenue
3514,-73.9580262985,40.5827821513,1131 Guider Avenue
3515,-73.9604697506,40.580908682,16 Brighton 8th Place
3516,-73.8698398185,40.8218786762,70 Clason Point Lane
3517,-73.9621960447,40.5808256029,38 Brighton 6th Court
3518,-74.1998525754,40.5539350049,111 Lombard Court
3519,-73.8696602517,40.8216040902,52 Clason Point Lane
3520,-73.8619971078,40.6770542332,106-28 Ruby Street
3521,-73.9660541746,40.5771449552,86 Brighton 1st Place
3522,-73.8260085991,40.581982155,1 Beach 105th Street
3523,-73.7499051544,40.7795108119,341 Richmond Road
3524,-73.7822767046,40.7352455636,188-45 71st Crescent
3525,-73.7493635299,40.7767896837,255 Manor Road
3526,-73.7533075265,40.7792950276,10 Richmond Road
3527,-73.7519045037,40.7730226656,110 West Drive
3528,-74.1661123931,40.5392279085,57 Woods Of Arden Road
3529,-73.7513465181,40.7822213086,11-20 Shore Road
3530,-73.864529526,40.8516876074,2050 Antin Place
3531,-73.9875519195,40.582967083,146 Bay 53rd Street
3532,-73.9629809034,40.5803263297,28 Brighton 5th Walk
3533,-73.7440104306,40.7323141796,221-89 Manor Road
3534,-73.856363074,40.8075572198,1014 G Street
3535,-73.7520841659,40.7790619279,104 Richmond Road
3536,-73.7491292371,40.7737251482,226 Ridge Road
3537,-73.9840101097,40.6458828251,3400 Ft Hamilton Parkway
3538,-73.8037963254,40.6678571702,134-35 135th Avenue
3539,-73.7510978476,40.6705369852,223-7 Carson Street
3540,-73.7477248792,40.7726452109,251 38th Road
3541,-73.9281870812,40.8574780481,11 Ft George Hill
3542,-73.7522281233,40.7749369585,103 Arleigh Road
3543,-73.9542644542,40.5810016793,5 Ocean Court
3544,-73.7494535025,40.7731741372,211 Forest Road
3545,-73.9540044878,40.5810308989,7 Ocean Court
3546,-73.8407232866,40.7146663858,70 Seasongood Road
3547,-73.8564128706,40.8069260044,917 Cornell Avenue
3548,-73.9816451954,40.6428809368,111 Story Street
3549,-74.1183369973,40.5539683809,520 Merkel Place
3550,-73.962035973,40.5808744977,37 Brighton 6th Court
3551,-73.8817921847,40.6848506254,2 Etna Street
3552,-73.9657130105,40.5773649569,32 Brighton 1st Path
3553,-73.8446174288,40.7178711307,37 Greenway Terrace
3554,-73.7468121059,40.7772112667,363 Manor Road
3555,-74.2025822331,40.5551826466,200 Cody Place
3556,-73.7493946164,40.7698724254,1 Willow Drive
3557,-73.7455355063,40.774617028,350 Ridge Road
3558,-73.8064008113,40.82219814,18 Harding Avenue
3559,-73.9576695389,40.5817487807,60 Brighton 10th Street
3560,-73.7441394127,40.6917247343,217-14 Francis Lewis Boulevard
3561,-73.8446267631,40.7178971675,35 Greenway Terrace
3562,-74.1506000788,40.5494164737,23 Nelson Avenue
3563,-73.9665825818,40.5770658831,71 Brighton 1st Lane
3564,-73.86365004,40.6799673358,97-36 Drew Street
3565,-73.7501142546,40.7738551704,203 Ridge Road
3566,-73.9657522728,40.5801400481,40 Brighton 2nd Place
3567,-73.8559160743,40.8083486633,6 Banes Court
3568,-73.743857161,40.6913687351,218-4 Francis Lewis Boulevard
3569,-73.8202588101,40.5987656488,20-6 East 20th Road
3570,-73.9067505915,40.897356663,5056 Delafield Avenue
3571,-73.8454883142,40.7177523115,14 Bow Street
3572,-73.8693285264,40.82195509,62 Clason Point Lane
3573,-74.1021866284,40.5613841557,147 Cedar Grove Court
3574,-73.7438894182,40.7323183274,221-93 Manor Road
3575,-74.1033168878,40.6263838036,14 Birch Avenue
3576,-73.7508209525,40.7769318803,216 Beverly Road
3577,-74.0866947419,40.6264022221,57 Howard Circle
3578,-73.9874420046,40.5829929902,142 Bay 53rd Street
3579,-73.8690470189,40.821610283,44 Clason Point Lane
3580,-73.8569093004,40.8082072361,1631 Underhill Avenue
3581,-73.8329807905,40.7090758273,110 Beverly Road
3582,-73.751077041,40.7772361532,213 Beverly Road
3583,-73.9659008468,40.5780457175,38 Brighton 1st Walk
3584,-73.958760555,40.5802495156,104 Brighton 10th Street
3585,-73.7822133367,40.7350786033,188-45 71st Crescent
3586,-73.7771123288,40.7164281971,186-30 Chelsea Street
3587,-73.9721383222,40.5938899281,88 Village Road South
3588,-73.7526115145,40.7812565538,10-8 Shore Road
3589,-73.7467345098,40.7733421057,310 Forest Road
3590,-73.7821037349,40.7348870537,188-45 71st Crescent
3591,-73.8695637645,40.8216509646,54 Clason Point Lane
3592,-73.8292044342,40.7059973406,267 Brevoort Street
3593,-73.960340207,40.5808779437,31 Brighton 8th Place
3594,-73.8690047247,40.8216802144,42 Clason Point Lane
3595,-73.9628810697,40.579936766,14 Brighton 5th Place
3596,-73.8696692987,40.8220630478,64 Clason Point Lane
3597,-73.8481115113,40.7170661895,44 Fleet Street
3598,-73.7522090914,40.7756182954,111 Hollywood Avenue
3599,-73.737882107,40.7699821736,9 Cornell Lane
3600,-73.7511286393,40.7764994371,203 Manor Road
3601,-73.8376221783,40.7138313194,31 Underwood Road
3602,-73.7434756611,40.7614169976,12 Carolina Road
3603,-73.749531815,40.7736414315,212 Ridge Road
3604,-73.7510975923,40.774408901,135 Park Lane
3605,-73.7530107834,40.7803410917,902 Shore Road
3606,-73.7520125377,40.7746570449,104 Arleigh Road
3607,-73.7496762486,40.7731226759,201 Forest Road
3608,-73.9657545304,40.5800197506,44 Brighton 2nd Place
3609,-73.9658544187,40.5777849018,3039 Brighton 1st Path
3610,-73.9638789796,40.5805093656,44 Brighton 4th Court
3611,-73.9640176685,40.5804821279,43 Brighton 4th Court
3612,-73.9658923703,40.5778942541,37 Brighton 1st Path
3613,-73.9658282539,40.5773437465,45 Brighton 1st Path
3614,-74.0050501919,40.6554756307,140 35th Street
3615,-73.9129439598,40.8964304106,4 Spaulding Lane
3616,-73.9661631201,40.5784140033,8 Brighton 1st Court
3617,-73.7538454411,40.7760475433,7 Manor Road
3618,-73.9401468435,40.7579825281,12-11 38th Avenue
3619,-74.102308994,40.5614352951,141 Cedar Grove Court
3620,-73.9078279428,40.7099254225,491 Grandview Avenue
3621,-73.8569240223,40.8068456483,809 Cornell Avenue
3622,-73.7525528939,40.7777097872,104 Grosvenor Street
3623,-73.8687271883,40.8214557127,36 Clason Point Lane
3624,-73.7459333185,40.775669971,358 Arleigh Road
3625,-73.9400057809,40.8512018749,854 West 181st Street
3626,-73.9667203689,40.5770298904,70 Brighton 1st Lane
3627,-73.7822547392,40.7351653437,188-45 71st Crescent
3628,-73.868663673,40.8215246652,38 Clason Point Lane
3629,-73.9637044208,40.5795193865,11 Brighton 4th Place
3630,-73.7485447027,40.7787529332,356 Warwick Avenue
3631,-73.8573526771,40.8091707043,1519 Underhill Avenue
3632,-73.9728990843,40.5939532563,104 Village Road South
3633,-73.9638448272,40.5804375321,37 Brighton 4th Court
3634,-74.1249163151,40.5754811854,3096 Dorothea Place
3635,-73.8492459691,40.8143575276,317 Torry Avenue
3636,-73.8466675437,40.7185280022,44 Tennis Place
3637,-73.8403475642,40.7138020672,8 Shorthill Road
3638,-73.7479281562,40.7739066118,262 Ridge Road
3639,-74.1183915492,40.5543775521,533 Merkel Place
3640,-73.9358183972,40.583802518,3 Shale Street
3641,-73.8463721984,40.7866555243,4 Beech Court Circle
3642,-73.966283774,40.5771288817,73 Brighton 1st Lane
3643,-73.9641521541,40.5804530142,42 Brighton 4th Court
3644,-73.9281395685,40.8125877022,5 Canal Place
3645,-73.9641041012,40.5803702187,406 Brighton 4th Court
3646,-73.8424128396,40.7180702064,10 Holder Place
3647,-73.9125498079,40.8321963141,1201 Findlay Avenue
3648,-73.9125645287,40.8326425384,1205 Findlay Avenue
3649,-73.8269328869,40.7928811942,80 Malba Drive
3650,-73.9727037783,40.5939404963,102 Village Road South
3651,-74.1026780878,40.56161065,127 Cedar Grove Court
3652,-73.8280180423,40.7064858625,159 Cuthbert Road
3653,-73.9586517393,40.5803884481,98 Brighton 10th Street
3654,-73.7507818838,40.7786964456,301 Warwick Avenue
3655,-73.7470392511,40.7754918788,330 Arleigh Road
3656,-73.7468357651,40.771479792,2 240th Street
3657,-73.8268465838,40.7913188532,66 Malba Drive
3658,-73.7520375789,40.7742396669,105 Park Lane
3659,-74.0061501928,40.5746164063,4024 Beach 40th Street
3660,-73.7517575093,40.7820756506,11-14 Shore Road
3661,-73.9630073529,40.5804129433,33 Brighton 5th Walk
3662,-73.7469998093,40.7745571914,317 Ridge Road
3663,-73.7822209495,40.7350945505,188-45 71st Crescent
3664,-73.8037082346,40.6674967764,134-40 135th Avenue
3665,-73.9876330039,40.5829317161,150 Bay 53rd Street
3666,-73.9640825399,40.5803746959,39 Brighton 4th Court
3667,-73.8292704366,40.705876863,271 Brevoort Street
3668,-73.744097216,40.7323112049,221-85 Manor Road
3669,-73.7441470333,40.7323094976,221-83 Manor Road
3670,-73.8068089777,40.8221640471,14 Harding Avenue
3671,-73.7491335892,40.7714835952,9 Hillcrest Avenue
3672,-73.9085975148,40.7123548326,61-19 Tonsor Street
3673,-73.8477357507,40.8138996986,322 Howe Avenue
3674,-73.9134780036,40.7461689756,50-21 51st Street
3675,-73.7457872203,40.7711835802,328 Cherry Street
3676,-73.9051776984,40.7081052948,620 Grandview Avenue
3677,-73.8397857036,40.7111462155,256 Greenway South
3678,-73.7544594854,40.7769830475,406 Shore Road
3679,-73.7866304569,40.6675004474,151-20 Baisley Boulevard
3680,-73.9614297023,40.580945715,25 Brighton 7th Court
3681,-73.966280829,40.5778155302,51 Brighton 1st Place
3682,-73.7820971772,40.7348733165,188-45 71st Crescent
3683,-74.0399572068,40.621929101,9000 Shore Road
3684,-73.8377222577,40.714365709,8 76th Road
3685,-73.9663288459,40.5780757193,35 Brighton 1st Walk
3686,-73.8436352271,40.7174698607,62 Greenway Terrace
3687,-73.7432421376,40.7614491317,14 Carolina Road
3688,-73.7822986927,40.7352965622,188-45 71st Crescent
3689,-73.9048839797,40.7486575987,37-53 58th Street
3690,-73.8254891195,40.7924300208,6 7th Avenue
3691,-74.0774656449,40.626702536,111 Canal Street
3692,-73.7471193131,40.7736180869,303 Forest Road
3693,-73.7493826894,40.7698730692,1 40th Avenue
3694,-73.7478554666,40.7719155985,128 Prospect Avenue
3695,-73.7467873907,40.7729168247,309 38th Road
3696,-73.8891765665,40.651863648,35 Flatlands Avenue
3697,-73.9613144987,40.5809708127,24 Brighton 7th Court
3698,-74.0049035672,40.6553887461,146 35th Street
3699,-73.8360845193,40.7080663676,140 Audley Street
3700,-73.7448739342,40.7710650701,11 Stuart Lane
3701,-73.8067009349,40.8221730248,15 Harding Avenue
3702,-73.8253407437,40.7913144852,8 North Drive
3703,-73.9611798459,40.5807185357,14 Brighton 7th Walk
3704,-73.8373704957,40.7140303044,11 Underwood Road
3705,-73.9658120675,40.5776916773,3043 Brighton 1st Path
3706,-73.9660221611,40.5778715073,40 Brighton 1st Path
3707,-73.9479498141,40.7648414046,8 River Road
3708,-73.9476687309,40.764959674,2 River Road
3709,-73.835150439,40.7086278412,128 Audley Street
3710,-73.7546156306,40.7764238282,310 Shore Road
3711,-73.9657732952,40.5775801176,34 Brighton 1st Path
3712,-73.9660931361,40.5772809218,46 Brighton 1st Place
3713,-73.7485508026,40.7738173209,236 Ridge Road
3714,-73.7458982464,40.7733558669,336 Forest Road
3715,-73.8287261296,40.7070441372,251 Brevoort Street
3716,-73.7499162691,40.7718501393,8 38th Road
3717,-73.7478461228,40.7763399377,321 Hollywood Avenue
3718,-73.7465816727,40.7744415074,306 Ridge Road
3719,-73.7484768222,40.77127746,2 Hillcrest Avenue
3720,-73.8694331164,40.8218130819,58 Clason Point Lane
3721,-73.9603575708,40.5810837935,27 Brighton 8th Place
3722,-73.9315087177,40.6945374978,1072 Malcolm X Boulevard
3723,-73.806294971,40.8222066261,19 Harding Avenue
3724,-73.9628611371,40.5803593615,27 Brighton 5th Walk
3725,-73.7467472883,40.7717578608,8 Circle Road
3726,-73.7439275362,40.7616285551,9 Carolina Road
3727,-73.7822921892,40.735272593,188-45 71st Crescent
3728,-74.1022545083,40.561408489,145 Cedar Grove Court
3729,-73.8378695322,40.7142413325,12 Overhill Road
3730,-73.9604232066,40.5804095273,8 Brighton 8th Place
3731,-73.7482013395,40.7730522075,240 Forest Road
3732,-73.7482775928,40.7708116979,26 39th Avenue
3733,-73.9137541585,40.645186155,8719 Avenue D
3734,-73.8658953768,40.6820869046,369 Eldert Lane
3735,-73.7509770796,40.7737094734,129 Ridge Road
3736,-73.965521345,40.5797562155,55 Brighton 2nd Walk
3737,-73.7501527035,40.7773624538,237 Beverly Road
3738,-74.0042032697,40.6549670492,172 35th Street
3739,-73.8281748894,40.7066197089,157 Cuthbert Road
3740,-73.7472432348,40.7718911748,19 Circle Road
3741,-73.7436929456,40.7613674076,8 Carolina Road
3742,-73.7514440604,40.7726483917,4 Ardsley Road
3743,-73.8619712798,40.6769484301,106-32 Ruby Street
3744,-73.9575897079,40.5818980055,61 Brighton 10th Street
3745,-73.9124835299,40.8327785944,1203 Findlay Avenue
3746,-73.9664297638,40.5770962195,72 Brighton 1st Lane
3747,-73.9192150791,40.7216900119,56-71 49th Street
3748,-73.7822433713,40.7351415261,188-45 71st Crescent
3749,-73.9661139623,40.5792101162,30 Brighton 2nd Place
3750,-73.7439408335,40.7323165654,221-91 Manor Road
3751,-73.8158369496,40.8454553737,100 Outlook Avenue
3752,-73.8158197228,40.8455201555,102 Outlook Avenue
3753,-73.8157508044,40.84556139,104 Outlook Avenue
3754,-73.8156487103,40.8456306242,106 Outlook Avenue
3755,-73.8158809026,40.8459002662,206 Outlook Avenue
3756,-73.8161489668,40.8457817769,200 Outlook Avenue
3757,-73.8160653278,40.8457962625,202 Outlook Avenue
3758,-73.8159945325,40.8458418034,204 Outlook Avenue
3759,-73.8155454392,40.8456893766,110 Outlook Avenue
3760,-73.8154919548,40.8457628438,112 Outlook Avenue
3761,-73.8153973068,40.8458128829,114 Outlook Avenue
3762,-73.8153448373,40.8458500628,116 Outlook Avenue
3763,-73.8152113955,40.8459239409,120 Outlook Avenue
3764,-73.8149548735,40.8460440082,126 Outlook Avenue
3765,-73.8156998076,40.8460384697,212 Outlook Avenue
3766,-73.8156219483,40.8460843884,214 Outlook Avenue
3767,-73.81554856,40.8461246853,216 Outlook Avenue
3768,-73.8154172887,40.8462043469,220 Outlook Avenue
3769,-73.8151661851,40.8463338697,226 Outlook Avenue
3770,-73.9123167602,40.5642570555,614 Bayside
3771,-73.8909785049,40.5669646532,99 Hillside Avenue Rockaways
3772,-73.8129826406,40.5884765637,4 Beach 88th Street
3773,-73.8128612101,40.5885153276,6 Beach 88th Street
3774,-73.9122166072,40.5642396778,615 Bayside
3775,-73.8153103072,40.8462352914,222 Outlook Avenue
3776,-73.8129235158,40.5886604799,12 Beach 88th Street
3777,-73.8130777226,40.5886495881,10 Beach 88th Street
3778,-73.815781597,40.8459613653,210 Outlook Avenue
3779,-73.7252846241,40.6545159562,148-33 Hook Creek Boulevard
3780,-73.8129997283,40.5886505892,5 Beach 88th Street
3781,-73.815111312,40.8459375188,122 Outlook Avenue
3782,-73.7252334275,40.6543887394,148-37 Hook Creek Boulevard
3783,-73.8128328714,40.588704824,13 Beach 88th Street
3784,-73.8128264591,40.5886397787,9 Beach 88th Street
3785,-73.8127298989,40.5886913438,14 Beach 88th Street
3786,-73.7253177219,40.6546246715,148-31 Hook Creek Boulevard
3787,-73.8781737033,40.7058953382,1-32 73rd Street
3788,-73.8127203356,40.5885685005,15 Beach 88th Street
3789,-73.7274743397,40.732525806,238-10 Hillside Avenue Bellerose
3790,-73.8909002893,40.5669538901,98 Hillside Avenue Rockaways
3791,-73.832319564,40.6561691038,14 Bayview Avenue
3792,-73.8646958088,40.8515439405,2040 Antin Place
3793,-73.9946778133,40.6581097632,500 25th Street
3794,-73.7727606784,40.6822167848,121-30 172nd Street
3795,-73.7726856022,40.6821119172,121-28 172nd Street
3796,-73.9526864344,40.5775542752,5 Oriental Court
3797,-73.8150596906,40.8459885684,124 Outlook Avenue
3798,-73.8152653707,40.8462897843,224 Outlook Avenue
3799,-73.9088938374,40.8148888125,605 Pontiac Place
3800,-73.7504406272,40.7734585285,144 Center Drive
3801,-73.7504503184,40.7734933936,144 Ridge Road
3802,-73.8677247089,40.9027988109,4452 Van Cortlandt Park East
3803,-73.7421509897,40.7381739475,229-18 230th Street
3804,-73.7421033108,40.7379889896,229-24 230th Street
3805,-73.7421302862,40.7381179409,229-20 230th Street
3806,-73.7422974511,40.7376621906,78-29 Cloverdale Boulevard
3807,-73.7422239345,40.7376781538,78-27 Cloverdale Boulevard
3808,-73.7421462438,40.7376950254,78-25 Cloverdale Boulevard
3809,-73.9142044226,40.8912135827,680-9 West 246th Street
3810,-73.9142028354,40.8913038728,680-8 West 246th Street
3811,-73.9141624589,40.8914055789,680-7 West 246th Street
3812,-73.9140117245,40.8908047727,680-6 West 246th Street
3813,-73.9139464141,40.8909620822,680-5 West 246th Street
3814,-73.913936767,40.8911600432,680-4 West 246th Street
3815,-73.9139204002,40.891344448,680-3 West 246th Street
3816,-73.9138829319,40.8914907754,680-2 West 246th Street
3817,-73.9140511641,40.8917040168,680-1 West 246th Street
3818,-73.8163945827,40.8405274456,3391-1 Country Club Road
3819,-73.815447163,40.8407181624,3391-11 Country Club Road
3820,-73.8158850093,40.8406070985,3391-7 Country Club Road
3821,-73.9033360141,40.7662757587,48-23 Brooklyn Queens Expressway
3822,-73.9744170311,40.7353848141,2420 Fdr Drive Service Road East
3823,-73.8277770497,40.7921318788,22 Boulevard
3824,-73.7531330163,40.6820168853,132-55 Ridgedale Street
3825,-74.1187812599,40.5537440154,500 Merkel Place
3826,-73.8964093992,40.62973428,8800 Seaview Avenue
3827,-73.9124944201,40.8328811698,1207 Findlay Avenue
3828,-73.9124670541,40.8329273031,1209 Findlay Avenue
3829,-73.9124384369,40.8329755455,1211 Findlay Avenue
3830,-73.9124098645,40.8330237111,1213 Findlay Avenue
3831,-73.9123796696,40.8330746136,1215 Findlay Avenue
3832,-74.2282288874,40.5307518872,2720 Veterans Road West
3833,-74.2286653963,40.5287786965,2750 Veterans Road West
3834,-74.2293800581,40.5300435196,2722 Veterans Road West
3835,-73.869910239,40.8218025348,72 Clason Point Lane
3836,-74.0286542496,40.6104735515,115 White Avenue
3837,-74.0285076314,40.6106114864,111 White Avenue
3838,-73.8488488968,40.7369868806,62-20 Colonial Avenue
3839,-73.8488102426,40.7372354758,62-30 Colonial Avenue
3840,-74.0106435116,40.7329109118,389 West Street
3841,-74.082763673,40.6325406022,11 Nixon Avenue
3842,-73.7714882156,40.7251198626,196-3 Grand Central Parkway
3843,-73.9355608212,40.5778144425,2001 Oriental Boulevard
3844,-74.0276193058,40.6118883736,114 White Avenue
3845,-74.1620434557,40.5934781111,2191 Richmond Avenue
3846,-74.027970921,40.6085585989,123 General Lee Avenue
3847,-73.8195008866,40.7100971733,85-12 Main Street
3848,-73.8970350112,40.588092974,5031 Flatbush Avenue
